OBJECTID;UIDENTSTLAE;ULAND;UREGBEZ;UKREIS;UGEMEINDE;UJAHR;UMONAT;USTUNDE;UWOCHENTAG;UKATEGORIE;UART;UTYP1;ULICHTVERH;IstRad;IstPKW;IstFuss;IstKrad;IstGkfz;IstSonstige;LINREFX;LINREFY;XGCSWGS84;YGCSWGS84;STRZUSTAND
82132;5,20043E+18;5;3;15;0;2020;4;12;7;3;4;6;0;1;1;0;0;0;0;362644,8298;5645172,921;7,044892937;50,94180007;0
82152;5,20043E+18;5;3;15;0;2020;4;17;2;3;1;6;0;0;1;0;0;0;0;347538,4723;5646116,511;6,829631557;50,94648296;0
82155;5,20043E+18;5;3;15;0;2020;4;12;1;3;0;1;0;1;0;0;0;0;0;367031,4402;5642313,131;7,108337912;50,91712549;0
82160;5,20043E+18;5;3;15;0;2020;4;11;4;3;5;2;0;1;1;0;0;0;0;352175,1946;5643655,635;6,896587657;50,92557585;0
82175;5,20042E+18;5;3;15;0;2020;4;8;6;3;5;3;0;1;1;0;0;0;0;359872,138;5649177,312;7,003909975;50,97712077;0
82176;5,20043E+18;5;3;15;0;2020;4;16;3;3;5;4;0;0;1;1;0;0;0;353183,9109;5643961,152;6,910807507;50,92857901;1
82181;5,20042E+18;5;3;15;0;2020;4;20;6;3;0;1;0;1;0;0;0;0;0;358263,1184;5647392,666;6,981700443;50,96068843;0
82189;5,20042E+18;5;3;15;0;2020;4;2;6;2;0;1;2;0;0;0;0;0;1;353301,6617;5646748,969;6,911359283;50,953662;0
82206;5,20042E+18;5;3;15;0;2020;4;12;6;3;0;5;0;0;0;0;1;0;0;353418,4604;5644864,347;6,913779535;50,93675534;0
82213;5,20043E+18;5;3;15;0;2020;4;18;7;2;5;3;0;1;0;0;0;0;1;352974,1461;5644465,657;6,907621187;50,93305937;0
82214;5,20042E+18;5;3;15;0;2020;4;8;6;3;2;6;0;0;1;0;0;0;1;357566,6889;5639953,949;6,974696194;50,89366509;0
82239;5,20043E+18;5;3;15;0;2020;4;14;2;3;1;6;0;0;1;0;0;0;0;365020,3002;5638865,698;7,081018185;50,88567443;0
82255;5,20043E+18;5;3;15;0;2020;4;8;2;3;4;2;0;0;1;0;0;0;0;354211,1115;5636707,734;6,928309649;50,86365474;0
82258;5,20043E+18;5;3;15;0;2020;4;12;3;3;5;2;0;1;0;0;0;0;1;360872,794;5647711;7,018715896;50,96418541;0
82273;5,20043E+18;5;3;15;0;2020;4;11;7;3;6;7;0;1;0;1;0;0;0;365464,9413;5645667,763;7,084827258;50,94691244;0
82277;5,20043E+18;5;3;15;0;2020;4;15;3;3;5;2;0;1;1;0;0;0;0;355303,1417;5645497,56;6,940333102;50,94292186;1
82290;5,20043E+18;5;3;15;0;2020;4;16;3;3;2;6;0;0;1;0;0;0;1;361703,4322;5648328,569;7,030302561;50,96993564;1
82291;5,20043E+18;5;3;15;0;2020;4;14;1;3;3;2;0;1;0;0;1;0;0;366840,8558;5638928,234;7,106862704;50,88665898;0
82312;5,20043E+18;5;3;15;0;2020;4;14;2;3;2;6;0;0;1;0;0;0;0;357672,0224;5645092,908;6,974187972;50,93987492;0
82320;5,20043E+18;5;3;15;0;2020;4;14;4;3;2;6;0;0;1;0;0;0;0;358061,4456;5644000,348;6,980152647;50,93015207;0
82334;5,20043E+18;5;3;15;0;2020;4;7;3;3;5;2;0;0;1;0;1;0;0;354753,5111;5638220,939;6,935411004;50,87739021;0
82365;5,2005E+18;5;3;15;0;2020;5;11;1;3;5;3;0;1;0;0;1;0;0;352982,4462;5641317,755;6,909008004;50,90477246;0
82367;5,20051E+18;5;3;15;0;2020;5;12;4;3;2;6;0;1;1;0;0;0;0;364305,2637;5638473,146;7,071004528;50,88197883;0
82368;5,2005E+18;5;3;15;0;2020;5;1;1;2;8;6;2;0;0;0;0;0;1;354661,4885;5645983,235;6,931012126;50,9471251;0
82424;5,20051E+18;5;3;15;0;2020;5;22;3;3;0;4;2;0;1;1;1;0;0;363801,8897;5641070,942;7,062884452;50,90520815;0
82453;5,20051E+18;5;3;15;0;2020;5;15;4;3;1;5;0;1;1;0;0;0;0;354841,1985;5646227,856;6,933471121;50,94936871;0
82471;5,2005E+18;5;3;15;0;2020;5;12;2;3;5;3;0;1;1;0;0;0;0;359723,523;5647260,102;7,002533773;50,95985447;0
82499;5,2005E+18;5;3;15;0;2020;5;2;7;2;9;1;2;0;1;0;0;0;0;358975,417;5644713,435;6,992874368;50,93678482;1
82503;5,2005E+18;5;3;15;0;2020;5;11;7;3;5;3;0;0;1;0;0;0;1;351225,8843;5648232,003;6,881220225;50,96645707;1
82505;5,2005E+18;5;3;15;0;2020;5;10;7;3;5;3;0;0;1;0;0;0;0;348894,6054;5643004,297;6,850212482;50,91887284;1
82506;5,20051E+18;5;3;15;0;2020;5;17;3;2;2;6;0;1;0;0;0;0;1;361211,0674;5645040,315;7,024548254;50,94026496;0
82521;5,20051E+18;5;3;15;0;2020;5;22;4;2;9;1;2;0;1;0;0;0;0;359417,1533;5641527,794;7,00038532;50,90826289;0
82555;5,2005E+18;5;3;15;0;2020;5;15;2;2;9;6;0;1;0;0;0;0;0;356861,0524;5645472,038;6,962503915;50,94308139;0
82593;5,20051E+18;5;3;15;0;2020;5;19;3;2;0;7;0;1;0;0;0;0;0;362936,8426;5648365,576;7,047844582;50,97056306;0
82619;5,2005E+18;5;3;15;0;2020;5;18;6;3;7;7;0;0;1;0;0;0;0;363643,1381;5640879,938;7,06069929;50,90345403;1
82629;5,20051E+18;5;3;15;0;2020;5;17;4;3;2;6;0;0;1;0;0;0;0;356077,9256;5635105,808;6,955449136;50,84972596;0
82639;5,20043E+18;5;3;15;0;2020;4;16;5;3;3;6;0;0;1;0;0;1;0;350696,3294;5642369,926;6,876086422;50,91364108;0
82685;5,20051E+18;5;3;15;0;2020;5;18;3;3;2;2;0;0;1;0;1;0;0;368474,4478;5638849,735;7,130102604;50,88632768;0
82687;5,2005E+18;5;3;15;0;2020;5;9;2;3;3;6;0;0;1;0;0;1;0;362420,9753;5645263,456;7,041674397;50,94256037;0
82703;5,20051E+18;5;3;15;0;2020;5;11;4;3;2;6;0;0;1;0;0;0;0;348546,4388;5643684,861;6,844980205;50,92489729;0
82732;5,2005E+18;5;3;15;0;2020;5;7;2;2;3;2;0;0;1;0;1;0;0;355694,341;5645893,211;6,945740981;50,94657554;1
82762;5,20051E+18;5;3;15;0;2020;5;16;3;3;3;6;0;0;1;0;0;1;0;354300,5233;5639606,977;6,928424024;50,88973223;0
82763;5,20043E+18;5;3;15;0;2020;4;6;5;2;0;1;0;0;0;0;1;0;0;358830,7136;5642401,891;6,991711248;50,91597538;1
82767;5,20043E+18;5;3;15;0;2020;4;16;5;2;3;6;0;1;0;0;0;1;0;365718,4382;5643464,23;7,089245832;50,92716709;0
82769;5,20043E+18;5;3;15;0;2020;4;11;5;3;5;3;0;0;1;0;0;0;0;357422,8208;5644383,034;6,970921121;50,93343375;1
82770;5,20051E+18;5;3;15;0;2020;5;10;3;2;5;2;0;1;1;0;0;0;0;358180,0533;5644798,232;6,981528878;50,93735184;0
82772;5,20043E+18;5;3;15;0;2020;4;6;5;3;2;6;2;0;1;0;0;0;0;354259,794;5645174,393;6,925621376;50,93975487;1
82774;5,20043E+18;5;3;15;0;2020;4;15;5;2;1;6;0;0;1;0;0;0;0;353359,2068;5649022,3;6,911261729;50,97410611;0
82777;5,20043E+18;5;3;15;0;2020;4;13;5;3;6;6;0;1;0;1;0;0;0;357185,9124;5638767,919;6,969749004;50,88291218;0
82779;5,20043E+18;5;3;15;0;2020;4;13;5;2;6;7;0;0;1;1;0;0;0;354148,4792;5644472,921;6,924318873;50,93342281;0
82783;5,20043E+18;5;3;15;0;2020;4;8;5;3;2;6;0;0;1;0;0;0;1;353357,4068;5641133,898;6,914411041;50,90321556;1
82807;5,20051E+18;5;3;15;0;2020;5;14;5;3;5;2;0;1;1;0;0;0;0;352989,643;5644898,166;6,907667096;50,9369501;0
82811;5,20051E+18;5;3;15;0;2020;5;14;6;3;4;7;0;0;1;0;1;0;0;353518,7888;5651903,29;6,912371714;51,00003687;0
82835;5,20051E+18;5;3;15;0;2020;5;7;2;3;8;1;0;1;0;0;0;0;0;354009,9468;5646070,213;6,921708649;50,9477421;1
82886;5,20051E+18;5;3;15;0;2020;5;17;6;3;5;7;0;1;1;0;0;0;0;361298,3162;5645034,838;7,025791406;50,94023674;0
82902;5,20051E+18;5;3;15;0;2020;5;15;3;3;2;6;0;0;1;0;0;0;0;362752,2866;5644611,688;7,046632947;50,93678166;0
82906;5,20051E+18;5;3;15;0;2020;5;14;6;3;0;4;0;0;1;1;0;0;0;353877,4611;5646164,011;6,919786294;50,94855147;0
82908;5,20051E+18;5;3;15;0;2020;5;15;2;3;0;1;0;0;0;0;1;0;0;357520,8793;5644039,036;6,972450171;50,93036649;0
82919;5,20051E+18;5;3;15;0;2020;5;12;7;2;4;7;0;0;1;0;1;0;0;350842,6328;5646013,07;6,876675429;50,94641778;0
82953;5,20051E+18;5;3;15;0;2020;5;16;3;3;2;6;0;0;1;0;0;0;0;359920,9074;5644876,39;7,006259627;50,93847977;0
82986;5,20051E+18;5;3;15;0;2020;5;1;5;2;0;1;2;0;0;0;0;0;1;353748,9417;5642440,226;6,919452137;50,91505446;0
82989;5,20051E+18;5;3;15;0;2020;5;15;7;2;0;7;0;0;0;0;1;0;0;368342,7697;5639001,067;7,12817708;50,88765784;0
82997;5,20051E+18;5;3;15;0;2020;5;20;5;3;3;6;1;1;0;0;0;0;0;354586,8012;5641682,964;6,931664853;50,90846083;0
83002;5,20051E+18;5;3;15;0;2020;5;2;5;3;0;1;2;1;0;0;0;0;0;355188,3524;5644780,476;6,938985307;50,93644877;0
83005;5,20051E+18;5;3;15;0;2020;5;5;5;3;5;3;0;0;1;0;1;0;0;354188,843;5653653,215;6,92121139;51,01593288;0
83009;5,20051E+18;5;3;15;0;2020;5;13;6;3;1;6;0;0;1;0;0;0;0;356571,9003;5647114,46;6,957743811;50,95776974;0
83013;5,20051E+18;5;3;15;0;2020;5;8;7;3;3;5;0;1;1;0;0;0;0;352206,1725;5643667,555;6,897023295;50,92569091;0
83035;5,20051E+18;5;3;15;0;2020;5;19;2;3;2;2;0;0;1;0;0;0;0;354403,715;5645793,481;6,927420979;50,94535479;0
83054;5,20051E+18;5;3;15;0;2020;5;14;3;2;4;6;0;1;0;0;0;0;0;356706,5506;5644633,715;6,960635882;50,93550908;0
83090;5,20051E+18;5;3;15;0;2020;5;16;7;3;6;4;0;0;1;1;0;0;0;351071,219;5651811,34;6,877552427;50,99858229;0
83101;5,20051E+18;5;3;15;0;2020;5;15;1;3;3;7;0;0;1;0;0;0;0;348927,3059;5657909,099;6,844480617;51,05281849;1
83103;5,20051E+18;5;3;15;0;2020;5;21;3;3;2;6;2;0;1;0;0;0;0;365770,74;5642528,428;7,090334077;50,91876863;0
83104;5,20051E+18;5;3;15;0;2020;5;17;5;3;5;3;0;1;1;0;0;0;0;359273,661;5637342,632;6,999957631;50,87061511;0
83108;5,20051E+18;5;3;15;0;2020;5;8;6;3;0;7;0;1;0;1;0;0;0;353577,9224;5646449,464;6,915410259;50,95104072;0
83110;5,20051E+18;5;3;15;0;2020;5;10;2;2;5;3;0;0;1;0;0;0;1;361817,365;5644841,736;7,033247858;50,9386259;0
83135;5,20051E+18;5;3;15;0;2020;5;13;2;3;1;6;0;0;1;0;0;0;0;354208,8989;5644386,478;6,925212709;50,93266125;0
83170;5,20051E+18;5;3;15;0;2020;5;16;5;3;2;6;0;0;1;0;0;0;0;363549,3309;5641447,309;7,059153865;50,9085311;0
83179;5,20051E+18;5;3;15;0;2020;5;17;5;2;5;3;0;0;1;0;1;0;0;363824,8536;5643520,238;7,062296585;50,92722657;0
83191;5,20051E+18;5;3;15;0;2020;5;20;7;2;5;2;0;1;1;0;0;0;0;363802,2913;5641070,581;7,062890295;50,905205;0
83203;5,20051E+18;5;3;15;0;2020;5;10;6;3;5;7;0;1;0;0;0;0;1;355837,0396;5641173,926;6,949636872;50,90419975;0
83205;5,20051E+18;5;3;15;0;2020;5;18;2;3;3;6;0;0;1;0;1;0;0;354678,5329;5646023,857;6,931238385;50,94749445;0
83210;5,20051E+18;5;3;15;0;2020;5;6;6;3;1;7;0;0;1;0;1;0;0;359279,0846;5652652,788;6,994121097;51,00821024;0
83214;5,20051E+18;5;3;15;0;2020;5;21;7;2;3;1;2;1;0;0;0;0;0;351797,2458;5643571,269;6,891247969;50,92472073;0
83252;5,20051E+18;5;3;15;0;2020;5;7;3;3;5;2;0;1;1;0;0;0;0;347285,3308;5645224,185;6,826404818;50,93839742;0
83286;5,20051E+18;5;3;15;0;2020;5;17;7;2;0;1;0;1;0;0;0;0;0;356497,2991;5651739;6,954856697;50,999311;0
83297;5,20052E+18;5;3;15;0;2020;5;11;3;3;4;6;0;1;0;0;0;0;0;359821,879;5647480,673;7,003848433;50,9618607;0
83346;5,20052E+18;5;3;15;0;2020;5;15;7;3;5;2;0;1;1;0;0;0;0;353534,88;5646496,127;6,914779133;50,95144912;0
83398;5,20052E+18;5;3;15;0;2020;5;23;2;3;0;1;2;1;0;0;0;0;0;364347,8245;5634085,673;7,073235662;50,84255589;0
83403;5,20052E+18;5;3;15;0;2020;5;11;3;3;3;6;0;0;1;0;0;1;0;348430,0139;5650029,154;6,840683417;50,98187772;0
83421;5,20052E+18;5;3;15;0;2020;5;12;2;3;3;6;0;0;0;0;1;0;1;355418,6618;5654270,831;6,938486164;51,02179369;0
83426;5,20052E+18;5;3;15;0;2020;5;18;1;2;3;6;0;0;1;0;0;0;0;353008,749;5644777,511;6,9079875;50,9358707;0
83428;5,20052E+18;5;3;15;0;2020;5;7;6;3;2;6;0;0;1;0;0;0;0;350147,0462;5642787,297;6,868106953;50,91724939;0
83429;5,20052E+18;5;3;15;0;2020;5;15;3;3;1;6;0;0;1;0;0;1;0;355754,0241;5644061,203;6,947315304;50,93012656;0
83435;5,20052E+18;5;3;15;0;2020;5;23;6;2;6;4;2;0;1;1;0;0;0;359593,6332;5644807,232;7,001631222;50,93777864;0
83439;5,20052E+18;5;3;15;0;2020;5;20;6;3;0;1;0;1;0;0;0;0;0;354022,2025;5651834,205;6,919568997;50,99954398;0
83444;5,20052E+18;5;3;15;0;2020;5;14;6;2;2;6;0;1;0;0;0;0;0;351010,353;5645047,058;6,879456354;50,93778015;0
83445;5,20052E+18;5;3;15;0;2020;5;0;6;3;5;2;2;0;1;0;1;0;0;355199,2139;5644584,127;6,939217805;50,93468696;0
83447;5,20052E+18;5;3;15;0;2020;5;14;1;2;3;6;0;0;1;0;0;0;0;353456,2326;5649603,918;6,912408333;50,97935755;0
83481;5,20052E+18;5;3;15;0;2020;5;13;3;3;0;7;0;1;0;0;0;0;0;366309,193;5642706,17;7,097924921;50,92049112;0
83502;5,20052E+18;5;3;15;0;2020;5;17;2;3;1;5;0;1;1;0;0;0;0;356505,0101;5646427,323;6,957062889;50,95157789;0
83507;5,20052E+18;5;3;15;0;2020;5;16;3;3;7;1;0;1;0;0;0;0;0;354499,0241;5643604,895;6,929650619;50,92571064;0
83565;5,20052E+18;5;3;15;0;2020;5;12;7;3;0;1;0;1;0;0;0;0;0;356132,6935;5648897,246;6,950789216;50,97368179;0
83589;5,20052E+18;5;3;15;0;2020;5;12;3;3;2;6;0;0;1;0;0;1;0;357369,212;5639204,33;6,972182734;50,8868795;0
83622;5,20052E+18;5;3;15;0;2020;5;17;3;3;1;5;0;1;1;0;0;0;0;347517,034;5646336,963;6,829234299;50,9484583;0
83649;5,20052E+18;5;3;15;0;2020;5;20;3;3;9;6;0;1;1;0;0;0;0;354991,7572;5644792,566;6,936184417;50,93650802;0
83724;5,20052E+18;5;3;15;0;2020;5;11;2;3;0;6;0;1;0;0;0;0;1;360625,542;5648954,719;7,01472047;50,97530313;0
83729;5,20052E+18;5;3;15;0;2020;5;17;3;2;6;7;0;1;0;1;0;0;0;356825,7699;5641086,339;6,963723952;50,90365865;0
83731;5,20051E+18;5;3;15;0;2020;5;15;5;3;2;6;0;0;1;0;0;0;0;356078,429;5646919,999;6,950799023;50,95589912;0
83735;5,20051E+18;5;3;15;0;2020;5;1;5;1;9;1;2;0;1;0;0;0;0;349592,1699;5654486,114;6,855380875;51,02223361;0
83742;5,20051E+18;5;3;15;0;2020;5;19;5;3;5;2;0;1;1;0;0;0;0;349511,4603;5642602,509;6,859147708;50,91542342;0
83746;5,20051E+18;5;3;15;0;2020;5;19;5;3;6;4;0;0;0;1;0;0;1;353796,107;5646222,965;6,918605276;50,94906064;0
83749;5,20051E+18;5;3;15;0;2020;5;16;4;2;5;2;0;0;1;0;1;0;0;367409,5632;5642071,022;7,113802112;50,91503648;0
83751;5,20051E+18;5;3;15;0;2020;5;8;5;3;5;3;0;1;1;0;0;0;0;352508,4073;5647235,927;6,899875972;50,9578356;0
83752;5,20051E+18;5;3;15;0;2020;5;11;5;1;3;2;0;1;0;0;0;1;0;355269,8976;5645231,993;6,939965731;50,94052692;0
83761;5,20051E+18;5;3;15;0;2020;5;8;4;2;4;6;0;0;1;0;0;0;0;360128,4711;5650649,056;7,006992555;50,99040977;0
83766;5,20051E+18;5;3;15;0;2020;5;13;4;3;5;3;0;0;1;0;0;0;0;353500,0716;5657387,458;6,909889164;51,04931547;0
83783;5,20052E+18;5;3;15;0;2020;5;23;7;3;1;5;2;0;1;0;1;0;0;360600,174;5647629,799;7,014867169;50,96338975;0
83824;5,20052E+18;5;3;15;0;2020;5;15;2;3;2;6;0;0;1;0;0;0;0;361733,8805;5648144,785;7,030805815;50,96829125;0
83827;5,20052E+18;5;3;15;0;2020;5;19;2;3;1;6;0;1;1;0;0;0;0;354344,616;5645836,967;6,926562896;50,94573066;0
83830;5,20052E+18;5;3;15;0;2020;5;17;3;3;5;2;0;1;1;0;0;0;0;357010,395;5646233,099;6,964329463;50,94995802;0
83838;5,20052E+18;5;3;15;0;2020;5;11;4;2;2;6;0;0;1;0;0;0;0;349590,888;5643176,013;6,860040333;50,92059784;0
83840;5,20052E+18;5;3;15;0;2020;5;17;4;3;1;6;0;0;1;0;0;0;0;357699,5852;5644220,283;6,974920788;50,93203946;0
83843;5,20052E+18;5;3;15;0;2020;5;17;4;3;5;3;0;1;1;0;0;0;0;354190,3425;5653677,915;6,921222824;51,01615523;0
83846;5,20052E+18;5;3;15;0;2020;5;20;5;3;5;3;0;1;1;0;0;0;0;356236,6681;5648467,709;6,952439001;50,9698476;0
83850;5,20052E+18;5;3;15;0;2020;5;22;4;3;0;7;2;0;0;0;1;0;1;348965,4948;5649681,019;6,84845095;50,97889003;1
83853;5,20052E+18;5;3;15;0;2020;5;14;4;3;3;6;0;1;0;0;0;0;1;354803,4857;5645566,012;6,933198473;50,94341141;0
83858;5,20052E+18;5;3;15;0;2020;5;18;4;3;0;1;0;1;0;0;0;0;0;356392,989;5644604,782;6,956187682;50,93517107;0
83862;5,20052E+18;5;3;15;0;2020;5;9;4;3;2;6;0;0;1;0;0;0;0;356023,8973;5643387,057;6,951419316;50,92413553;0
83880;5,20052E+18;5;3;15;0;2020;5;14;6;3;5;3;0;0;1;0;0;0;1;353661,2568;5646359,284;6,916632085;50,95025147;0
83901;5,20052E+18;5;3;15;0;2020;5;23;5;3;5;2;2;1;1;0;0;0;0;360801,504;5645044,674;7,018720791;50,94020541;0
83911;5,20052E+18;5;3;15;0;2020;5;15;5;3;5;2;0;1;1;0;0;0;0;353608,347;5644209,661;6,916743158;50,93092014;0
83918;5,20052E+18;5;3;15;0;2020;5;16;6;3;5;2;0;1;1;0;0;0;0;362697,172;5645190,31;7,045630955;50,94196882;0
83931;5,20052E+18;5;3;15;0;2020;5;12;6;3;5;2;0;1;1;0;0;0;0;354702,6832;5643067,898;6,932760451;50,9209361;0
83951;5,20052E+18;5;3;15;0;2020;5;14;5;3;0;1;0;1;0;0;0;0;0;356349,8378;5647505,595;6,954429646;50,96122949;0
83973;5,20052E+18;5;3;15;0;2020;5;21;6;2;6;2;2;0;1;1;0;0;0;360342,185;5646961,528;7,011452099;50,95732142;1
84005;5,20052E+18;5;3;15;0;2020;5;14;5;3;4;6;0;1;0;0;0;0;0;350100,238;5659745,478;6,860442758;51,06962778;0
84040;5,20052E+18;5;3;15;0;2020;5;14;6;2;0;1;0;0;0;0;1;0;0;354208,8959;5636701,573;6,928280641;50,86359882;0
84058;5,20052E+18;5;3;15;0;2020;5;19;5;3;0;1;0;1;0;0;0;0;0;365296,941;5649762,774;7,080920809;50,98367715;0
84077;5,20052E+18;5;3;15;0;2020;5;2;6;3;7;7;2;1;0;0;0;0;0;357292,06;5644105,708;6,96917004;50,9309091;0
84093;5,20052E+18;5;3;15;0;2020;5;20;6;3;9;7;1;0;1;0;0;0;0;365762,0357;5642512,368;7,090216226;50,91862227;0
84122;5,20053E+18;5;3;15;0;2020;5;14;3;3;5;2;0;0;1;0;1;0;0;358117,452;5643190,436;6,981264292;50,92288715;0
84128;5,20052E+18;5;3;15;0;2020;5;19;7;3;9;6;0;0;1;0;0;0;0;360589,2735;5650330,619;7,013676425;50,98765974;0
84129;5,20053E+18;5;3;15;0;2020;5;17;3;3;2;6;0;0;1;0;0;0;0;352713,1018;5650678,234;6,901394209;50,98882228;0
84135;5,20052E+18;5;3;15;0;2020;5;13;7;3;2;6;0;0;1;0;1;0;0;355400,8848;5644719,893;6,942032102;50,93595766;0
84140;5,20052E+18;5;3;15;0;2020;5;19;7;3;5;2;0;1;1;0;0;0;0;355220,5015;5644986,399;6,939360727;50,93830743;0
84178;5,20053E+18;5;3;15;0;2020;5;9;2;2;9;7;0;0;0;0;0;1;0;360025,0791;5647702,317;7,00665488;50,96390203;0
84179;5,20053E+18;5;3;15;0;2020;5;10;2;3;5;2;0;1;1;0;0;0;0;360492,6378;5646621,632;7,013723251;50,95430317;0
84180;5,20053E+18;5;3;15;0;2020;5;7;2;3;2;6;0;1;0;0;0;0;0;354516,779;5647429,046;6,928375727;50,96008165;0
84181;5,20053E+18;5;3;15;0;2020;5;11;2;3;3;2;0;1;1;0;0;0;0;355970,2603;5644649,546;6,950157833;50,93546794;0
84197;5,20053E+18;5;3;15;0;2020;5;11;3;3;1;6;0;0;1;0;1;0;0;360004,4755;5647655,774;7,006379569;50,96347875;0
84255;5,20053E+18;5;3;15;0;2020;5;9;3;3;8;1;0;0;1;0;0;0;0;346571,857;5646855,503;6,815570565;50,95286713;0
84297;5,20053E+18;5;3;15;0;2020;5;20;3;3;5;2;0;1;1;0;0;0;0;358190,31;5644791,556;6,981677359;50,93729437;0
84310;5,20052E+18;5;3;15;0;2020;5;13;1;2;9;1;0;0;0;0;1;0;0;358192,808;5644967,485;6,981644417;50,93887606;0
84355;5,20053E+18;5;3;15;0;2020;5;11;3;3;0;7;0;0;0;0;1;0;0;347649,6367;5660398,387;6,825216367;51,07484953;0
84366;5,20053E+18;5;3;15;0;2020;5;17;3;2;5;2;0;1;1;0;0;0;0;349822,2915;5660062,565;6,856346839;51,0724045;0
84394;5,20053E+18;5;3;15;0;2020;5;11;5;3;3;2;0;1;1;0;0;0;0;353510,2653;5644152,626;6,915371295;50,93038269;0
84412;5,20053E+18;5;3;15;0;2020;5;18;4;3;4;3;0;0;1;0;0;0;0;357738,0992;5635000,8;6,979058522;50,84919292;0
84458;5,20053E+18;5;3;15;0;2020;5;12;5;3;5;2;0;1;1;0;0;0;0;349451,407;5644214,19;6,857628692;50,92989086;0
84474;5,20053E+18;5;3;15;0;2020;5;22;4;3;1;5;2;1;1;0;0;0;0;365607,3871;5635029,287;7,090769212;50,85133078;0
84491;5,20053E+18;5;3;15;0;2020;5;20;4;3;0;1;0;1;0;0;0;0;0;355614,4333;5644713,513;6,945071809;50,93595383;0
84514;5,20053E+18;5;3;15;0;2020;5;14;5;3;0;7;0;1;0;0;0;0;0;354255,6529;5644270,316;6,92592406;50,93162915;0
84537;5,20053E+18;5;3;15;0;2020;5;19;4;3;3;3;0;1;0;0;0;0;1;355439,153;5651097,058;6,940042353;50,9932772;0
84587;5,20053E+18;5;3;15;0;2020;5;13;6;3;2;6;0;0;1;0;0;0;0;353078,0628;5650197,904;6,906784833;50,98459905;0
84599;5,20053E+18;5;3;15;0;2020;5;13;4;3;3;3;0;0;1;0;0;1;0;362206,873;5645826,092;7,038415866;50,94756583;0
84606;5,20053E+18;5;3;15;0;2020;5;4;5;3;9;1;1;0;1;0;0;0;0;359369,122;5641548,441;6,999694624;50,90843675;0
84614;5,20053E+18;5;3;15;0;2020;5;15;4;3;4;6;0;1;0;0;0;0;0;352044,9848;5642477,016;6,895214339;50,91495076;0
84637;5,20053E+18;5;3;15;0;2020;5;22;5;3;0;1;2;1;0;0;0;0;0;352465,6561;5644949,871;6,900193834;50,93728094;0
84656;5,20053E+18;5;3;15;0;2020;5;9;4;3;2;6;0;0;1;0;0;0;0;358325,7917;5645576,995;6,983298885;50,94438642;0
84669;5,20053E+18;5;3;15;0;2020;5;12;4;3;0;7;0;1;0;0;0;0;0;356222,5327;5646196,417;6,953135184;50,94943238;0
84682;5,20053E+18;5;3;15;0;2020;5;0;1;3;0;1;2;1;0;0;0;0;0;364712,3211;5649312,864;7,072764385;50,97949653;0
84711;5,2006E+18;5;3;15;0;2020;6;13;2;3;0;7;0;1;0;0;0;0;0;355701,9564;5650613,29;6,943976827;50,98899567;0
84717;5,20053E+18;5;3;15;0;2020;5;14;1;3;0;1;0;1;0;0;0;0;0;355665,9743;5650699,463;6,943430255;50,98976106;0
84737;5,20053E+18;5;3;15;0;2020;5;16;1;3;4;2;0;1;1;0;0;0;0;358091,0547;5639401,17;6,982362087;50,8888263;0
84785;5,2006E+18;5;3;15;0;2020;6;0;2;3;0;6;2;1;1;0;0;0;0;366826,6337;5636933,289;7,107387293;50,86872559;0
84807;5,20053E+18;5;3;15;0;2020;5;14;6;3;2;6;0;0;1;0;0;0;0;361738,52;5648161,937;7,03086533;50,96844651;0
84819;5,20053E+18;5;3;15;0;2020;5;10;6;3;2;6;0;0;1;0;0;0;0;365301,543;5635711,396;7,086175893;50,85739023;0
84830;5,20053E+18;5;3;15;0;2020;5;17;6;3;2;6;0;0;1;0;0;0;0;363475,46;5640205,144;7,058568301;50,8973497;0
84832;5,20053E+18;5;3;15;0;2020;5;19;6;3;0;2;0;1;1;0;0;0;0;364232,6939;5638482,719;7,069969967;50,88204782;0
84836;5,20053E+18;5;3;15;0;2020;5;19;6;3;5;2;0;0;1;1;0;0;0;360754,611;5644300,428;7,018338177;50,93350539;0
84843;5,20053E+18;5;3;15;0;2020;5;14;7;3;5;3;0;0;1;0;0;0;0;348895,4427;5643004,55;6,850224281;50,91887533;0
84844;5,20053E+18;5;3;15;0;2020;5;8;6;3;2;6;0;0;1;0;1;0;0;361872,678;5648002,997;7,032835174;50,96705026;0