OBJECTID;UIDENTSTLAE;ULAND;UREGBEZ;UKREIS;UGEMEINDE;UJAHR;UMONAT;USTUNDE;UWOCHENTAG;UKATEGORIE;UART;UTYP1;ULICHTVERH;IstRad;IstPKW;IstFuss;IstKrad;IstGkfz;IstSonstige;LINREFX;LINREFY;XGCSWGS84;YGCSWGS84;STRZUSTAND
92696;5,20083E+18;5;3;15;0;2020;8;20;6;3;0;1;1;1;0;0;0;0;0;353937,5745;5646739,445;6,920410622;50,95373792;0
92701;5,20083E+18;5;3;15;0;2020;8;7;5;3;0;1;0;1;0;0;0;0;0;356534,7673;5647098,736;6,957221636;50,95761919;0
92707;5,20083E+18;5;3;15;0;2020;8;20;3;3;3;6;1;1;1;0;0;0;0;363234,7684;5638744,619;7,055694433;50,8841663;0
92712;5,20083E+18;5;3;15;0;2020;8;15;3;3;5;2;0;1;1;0;0;0;0;362587,7298;5648213,542;7,0429328;50,9691135;1
92721;5,20083E+18;5;3;15;0;2020;8;15;3;2;1;2;0;0;1;0;1;0;0;352193,2512;5647481,795;6,89529186;50,95996434;1
92722;5,20083E+18;5;3;15;0;2020;8;18;7;3;8;1;0;0;1;0;0;0;0;362959,3076;5642587,484;7,05033843;50,91863857;0
92727;5,20083E+18;5;3;15;0;2020;8;15;3;3;6;4;0;1;0;1;0;0;0;352424,2171;5647300,412;6,898651906;50,95839354;1
92732;5,20083E+18;5;3;15;0;2020;8;17;3;3;5;2;0;0;1;0;0;0;0;356932,1313;5636595,728;6,966993445;50,86332785;0
92742;5,20083E+18;5;3;15;0;2020;8;16;3;3;2;6;0;0;1;0;0;0;0;351561,1486;5644307,806;6,887591131;50,93127892;0
92743;5,20083E+18;5;3;15;0;2020;8;20;7;2;0;1;0;1;0;0;0;0;0;354503,5111;5643637,853;6,929701269;50,92600795;0
92786;5,20083E+18;5;3;15;0;2020;8;14;5;3;1;5;0;1;1;0;0;0;0;353714,7528;5646301,06;6,917416541;50,9497418;0
92787;5,20083E+18;5;3;15;0;2020;8;17;6;3;0;2;0;1;1;0;0;0;0;363648,823;5641225,203;7,060651128;50,90655843;0
92804;5,20083E+18;5;3;15;0;2020;8;17;7;2;2;1;0;0;1;0;1;0;0;349580,9197;5643183,332;6,859895595;50,92066101;0
92819;5,20083E+18;5;3;15;0;2020;8;15;4;3;2;6;0;0;1;0;0;0;0;352752,3386;5649599,526;6,90238995;50,97913851;1
92834;5,20083E+18;5;3;15;0;2020;8;16;7;3;2;6;0;0;1;0;1;0;0;359978,2032;5647587,829;7,006031826;50,96286173;0
92869;5,20083E+18;5;3;15;0;2020;8;20;6;2;0;2;1;0;1;0;0;0;1;346847,6561;5645262,262;6,820164181;50,9386235;1
92901;5,20083E+18;5;3;15;0;2020;8;8;4;3;5;7;0;0;1;0;0;0;1;354192,8887;5642306,549;6,925816659;50,91396547;0
92915;5,20083E+18;5;3;15;0;2020;8;12;7;3;5;2;0;0;1;0;1;0;0;352189,4771;5651927,924;6,893430172;50,99991831;0
92955;5,2009E+18;5;3;15;0;2020;9;17;3;3;0;5;0;1;1;0;0;0;0;360402,7061;5647569,314;7,01208013;50,96279834;0
93019;5,20083E+18;5;3;15;0;2020;8;15;1;3;5;2;0;0;1;0;0;0;0;366946,1527;5642147,981;7,107185522;50,91562151;0
93023;5,2009E+18;5;3;15;0;2020;9;17;3;3;3;1;0;0;1;0;0;1;0;362241,4659;5645676,822;7,038964479;50,94623255;0
93024;5,2009E+18;5;3;15;0;2020;9;1;4;2;9;1;2;0;1;0;0;0;0;355603,8501;5641201,282;6,946311781;50,90438733;1
93028;5,20083E+18;5;3;15;0;2020;8;17;1;3;5;3;0;1;1;0;0;0;0;361454,229;5645310,989;7,027904155;50,94275606;0
93031;5,2009E+18;5;3;15;0;2020;9;16;4;3;6;4;0;1;0;1;0;0;0;364130,3187;5648511,329;7,064778084;50,97215577;0
93039;5,20083E+18;5;3;15;0;2020;8;17;1;2;3;6;0;0;1;0;0;0;0;354317,2025;5645425,045;6,926337687;50,94202191;0
93117;5,2009E+18;5;3;15;0;2020;9;8;4;3;5;3;0;1;1;0;0;0;0;353654,8819;5648667,768;6,915612993;50,97099529;0
93136;5,2009E+18;5;3;15;0;2020;9;17;3;3;8;2;0;0;1;0;0;0;0;357697,9397;5643827,723;6,975050636;50,92851112;0
93138;5,2009E+18;5;3;15;0;2020;9;16;4;3;5;2;0;0;1;0;0;0;0;354260,2519;5640287,687;6,927580265;50,89583946;0
93155;5,20083E+18;5;3;15;0;2020;8;5;2;2;9;7;2;0;1;0;0;0;0;363304,0894;5646278,805;7,053855896;50,95189576;1
93159;5,20083E+18;5;3;15;0;2020;8;19;2;3;0;1;0;1;0;0;0;0;0;364976,172;5635466,586;7,081646019;50,85511408;0
93163;5,20083E+18;5;3;15;0;2020;8;11;2;2;8;1;0;0;0;0;1;0;0;365247,3394;5635678,981;7,085418149;50,85708627;0
93165;5,20083E+18;5;3;15;0;2020;8;9;2;2;5;3;0;0;1;0;0;0;0;363517,0293;5646020,939;7,056982327;50,94962868;0
93169;5,20083E+18;5;3;15;0;2020;8;12;2;3;2;6;0;0;1;0;0;0;0;353538,3844;5644854,851;6,915488961;50,93670048;0
93173;5,20083E+18;5;3;15;0;2020;8;18;2;3;2;7;0;0;1;0;0;0;0;354628,0096;5642959,399;6,931742006;50,91994224;0
93176;5,20083E+18;5;3;15;0;2020;8;8;2;3;6;4;0;0;0;1;0;0;1;355593,6154;5643697,496;6,945178255;50,92681785;0
93187;5,2009E+18;5;3;15;0;2020;9;17;4;2;5;3;0;1;0;0;0;0;0;358180,8073;5644798,18;6,981539622;50,93735156;0
93206;5,2009E+18;5;3;15;0;2020;9;17;3;3;2;6;0;0;1;0;0;0;0;353335,2916;5640362,252;6,914406666;50,8962754;0
93208;5,2009E+18;5;3;15;0;2020;9;10;4;3;5;3;0;0;1;0;0;0;0;357208,168;5641146,17;6,969135498;50,90429105;0
93227;5,2009E+18;5;3;15;0;2020;9;7;3;3;5;3;0;0;1;0;0;0;0;348537,9783;5645173,961;6,844241138;50,93827647;0
93298;5,2009E+18;5;3;15;0;2020;9;9;3;3;1;5;0;1;1;0;0;0;0;359644,9451;5644815,568;7,002357846;50,93786605;0
93299;5,2009E+18;5;3;15;0;2020;9;17;4;3;5;2;0;1;1;0;0;0;0;353842,6948;5642331,463;6,920828488;50,91410078;0
93304;5,2009E+18;5;3;15;0;2020;9;17;4;3;2;7;0;1;1;0;0;0;0;360492,7394;5646623,179;7,013724104;50,9543171;0
93348;5,20083E+18;5;3;15;0;2020;8;21;2;1;2;6;2;0;0;0;0;1;1;351001,9536;5652929,008;6,876107261;51,00860808;0
93371;5,2009E+18;5;3;15;0;2020;9;11;4;2;6;7;0;0;0;1;0;0;1;360122,1783;5644932,675;7,009100848;50,93903447;0
93389;5,2009E+18;5;3;15;0;2020;9;14;3;3;3;3;0;0;1;0;0;1;0;357469,265;5639232,951;6,973593097;50,88716142;0
93391;5,2009E+18;5;3;15;0;2020;9;16;4;2;5;3;0;1;1;0;0;0;0;352770,0101;5644909,891;6,904538655;50,93699944;0
93403;5,2009E+18;5;3;15;0;2020;9;19;3;3;1;5;0;1;1;0;0;0;0;355330,8174;5645548,842;6,940706408;50,94338967;0
93446;5,20091E+18;5;3;15;0;2020;9;13;7;3;2;6;0;0;1;0;0;0;0;360359,7352;5656178,742;7,008157023;51,04016144;0
93449;5,20091E+18;5;3;15;0;2020;9;19;7;3;0;1;0;1;0;0;0;0;0;355947,5512;5649948,186;6,947737445;50,98308006;1
93465;5,20091E+18;5;3;15;0;2020;9;12;1;2;4;2;0;0;1;0;1;0;0;353956,9959;5654043,434;6,917751224;51,01938077;0
93468;5,2009E+18;5;3;15;0;2020;9;7;5;3;2;6;0;0;1;0;0;0;0;353510,5763;5652848,117;6,91187345;51,00852549;0
93474;5,2009E+18;5;3;15;0;2020;9;14;6;3;1;6;0;0;1;0;0;0;0;362706,317;5645193,373;7,04575989;50,94199853;0
93479;5,2009E+18;5;3;15;0;2020;9;10;5;3;0;1;0;0;0;0;1;0;0;360291,7296;5644972,384;7,011497312;50,93943244;1
93488;5,2009E+18;5;3;15;0;2020;9;15;5;3;2;2;0;0;1;0;0;0;0;357696,557;5643828,887;6,975030519;50,92852125;1
93494;5,2009E+18;5;3;15;0;2020;9;15;6;3;4;2;0;1;1;0;0;0;0;356181,5186;5644620,213;6,953174001;50,93525705;0
93499;5,2009E+18;5;3;15;0;2020;9;17;5;2;8;7;0;0;1;0;0;0;0;362083,3725;5651067,518;7,034671091;50,99464232;1
93510;5,2009E+18;5;3;15;0;2020;9;7;5;2;6;4;0;0;1;1;0;0;0;360007,254;5647662,87;7,00641638;50,96354319;0
93513;5,2009E+18;5;3;15;0;2020;9;8;5;3;5;3;0;1;1;0;0;0;0;352093,699;5651961,424;6,8920525;51,00019474;0
93517;5,2009E+18;5;3;15;0;2020;9;14;5;3;2;6;0;0;1;0;0;0;0;349120,5098;5649595,405;6,850693073;50,97816133;1
93520;5,2009E+18;5;3;15;0;2020;9;16;5;2;0;1;0;0;0;0;1;0;0;346408,15;5645274,147;6,813908489;50,93861341;1
93524;5,2009E+18;5;3;15;0;2020;9;7;5;3;1;5;0;1;1;0;0;0;0;359311,4176;5638735,355;6,999957988;50,883141;0
93536;5,2009E+18;5;3;15;0;2020;9;11;5;3;0;1;0;0;0;0;1;0;0;352018,6383;5642393,702;6,8948736;50,91419529;1
93540;5,2009E+18;5;3;15;0;2020;9;8;5;3;0;1;0;1;0;0;0;0;0;354481,2861;5644828,114;6,928910057;50,9366989;0
93554;5,20091E+18;5;3;15;0;2020;9;14;2;2;5;2;0;1;1;0;0;0;0;348897,4477;5643018,057;6,85024719;50,91899723;0
93557;5,2009E+18;5;3;15;0;2020;9;18;5;3;0;5;0;1;1;0;0;0;0;356415,4428;5646289,361;6,955842996;50,95031574;0
93562;5,2009E+18;5;3;15;0;2020;9;7;5;3;5;3;0;1;0;0;0;0;0;354966,4711;5645431,369;6,935570489;50,94224242;0
93568;5,2009E+18;5;3;15;0;2020;9;14;6;3;0;6;0;0;0;0;1;0;0;354325,4837;5644813,344;6,926700061;50,93652683;1
93573;5,2009E+18;5;3;15;0;2020;9;16;5;3;5;2;0;1;1;0;0;0;0;356179,6679;5644620,807;6,953147446;50,93526193;1
93636;5,20091E+18;5;3;15;0;2020;9;11;1;3;3;6;0;1;0;0;0;0;0;360011,0455;5648817,133;7,00602608;50,97391759;0
93649;5,20091E+18;5;3;15;0;2020;9;21;7;3;1;7;2;1;1;0;0;0;0;364108,2185;5648562,705;7,064444299;50,9726123;0
93653;5,20091E+18;5;3;15;0;2020;9;8;2;3;0;7;0;0;0;0;0;0;1;356576,888;5643032,618;6,95942166;50,92108795;0
93695;5,2009E+18;5;3;15;0;2020;9;10;6;3;0;2;0;0;1;0;1;0;0;352525,464;5643730,481;6,901537821;50,92633811;0
93747;5,20091E+18;5;3;15;0;2020;9;19;7;3;2;6;1;0;1;0;0;0;0;353025,38;5640659,492;6,909883186;50,8988678;0
93757;5,20091E+18;5;3;15;0;2020;9;15;2;3;5;3;0;1;1;0;0;0;0;354477,8972;5647389,351;6,927838326;50,9597151;0
93771;5,2009E+18;5;3;15;0;2020;9;15;6;3;2;6;0;0;1;0;0;0;0;356231,857;5646964,884;6,952964359;50,95634079;0
93792;5,2009E+18;5;3;15;0;2020;9;12;6;3;0;1;0;1;0;0;0;0;0;355285,7543;5644187,333;6,940606135;50,93114277;0
93831;5,20091E+18;5;3;15;0;2020;9;8;2;3;2;6;0;0;1;0;0;0;0;350130,0058;5642776,454;6,867869161;50,91714753;0
93835;5,20091E+18;5;3;15;0;2020;9;16;1;3;0;3;0;1;1;0;0;0;0;360549,9845;5648894,345;7,01366806;50,97474225;0
93850;5,20091E+18;5;3;15;0;2020;9;17;2;3;1;6;0;0;1;0;0;0;0;354535,8272;5643549,376;6,930196078;50,92522099;0
93864;5,2009E+18;5;3;15;0;2020;9;14;6;3;3;2;0;1;0;0;0;0;1;354658,3028;5646836,312;6,930626266;50,95479065;1
93865;5,20091E+18;5;3;15;0;2020;9;15;2;3;2;6;0;0;1;0;0;0;0;357121,2982;5638970,714;6,968751785;50,88471873;0
93922;5,20091E+18;5;3;15;0;2020;9;7;5;3;5;3;0;0;1;0;1;0;0;354208,3193;5653652,483;6,921489156;51,01593125;0
93923;5,20091E+18;5;3;15;0;2020;9;16;4;3;0;7;0;0;1;1;0;0;0;353602,1805;5646423,2;6,915765934;50,95081086;0
93979;5,20091E+18;5;3;15;0;2020;9;14;4;3;5;3;0;1;1;0;0;0;0;365148,0427;5637065,126;7,083497319;50,86952135;0
93992;5,20091E+18;5;3;15;0;2020;9;22;5;3;0;1;2;1;0;0;0;0;0;355285,4382;5645327,613;6,940148793;50,94139015;0
93993;5,20091E+18;5;3;15;0;2020;9;13;4;3;5;3;0;1;1;0;0;0;0;358989,2308;5637985,377;6,995670031;50,87632227;0
94018;5,20091E+18;5;3;15;0;2020;9;8;3;3;2;6;0;0;1;0;0;0;0;359570,0995;5645831,348;7,000901677;50,94697675;0
94021;5,20091E+18;5;3;15;0;2020;9;8;3;3;0;1;0;1;0;0;0;0;0;361163,4547;5649465,52;7,02218264;50,98002372;0
94024;5,20091E+18;5;3;15;0;2020;9;6;3;2;9;7;1;1;0;0;0;0;0;356380,4325;5647227,292;6,954974852;50,95873605;0
94028;5,20091E+18;5;3;15;0;2020;9;21;3;3;1;5;1;0;1;0;0;0;1;356287,2222;5648127,167;6,953293082;50,96679983;0
94030;5,20091E+18;5;3;15;0;2020;9;11;3;3;2;6;0;1;0;0;0;0;0;353835,8305;5646194,232;6,919181924;50,9488125;0
94031;5,20091E+18;5;3;15;0;2020;9;0;5;3;0;2;2;0;1;1;0;0;0;356091,5204;5649067,147;6,950135913;50,97519837;1
94032;5,20091E+18;5;3;15;0;2020;9;9;4;3;5;2;0;0;1;0;0;1;0;365329,488;5638850,568;7,085416802;50,8856106;0
94033;5,20091E+18;5;3;15;0;2020;9;13;3;3;5;2;0;1;1;0;0;0;0;354206,946;5645931,429;6,924566691;50,94654475;0
94035;5,20091E+18;5;3;15;0;2020;9;5;3;3;1;7;2;0;0;0;1;0;1;352517,6261;5647228,865;6,900010005;50,9577745;0
94037;5,20091E+18;5;3;15;0;2020;9;19;3;3;8;5;1;0;1;0;0;1;0;355174,6764;5641313,801;6,940167386;50,90529102;0
94040;5,20091E+18;5;3;15;0;2020;9;14;3;3;0;2;0;0;1;0;1;0;0;356252,6563;5644601,549;6,954193105;50,93510706;0
94082;5,20091E+18;5;3;15;0;2020;9;7;5;3;5;2;0;0;1;0;0;0;1;354741,601;5644805,463;6,932621428;50,93656097;0
94083;5,20091E+18;5;3;15;0;2020;9;11;4;3;5;2;0;1;1;0;0;0;0;357577,5912;5634590,608;6,97693941;50,84546697;0
94138;5,20091E+18;5;3;15;0;2020;9;18;5;3;5;3;0;1;1;0;0;0;0;365194,7095;5642802,789;7,082042443;50,92110019;0
94139;5,20091E+18;5;3;15;0;2020;9;11;4;3;2;6;0;0;1;0;0;0;1;365119,914;5638260,505;7,082656865;50,88025844;0
94151;5,20091E+18;5;3;15;0;2020;9;23;5;3;9;1;2;1;0;0;0;0;0;357066,382;5646099,138;6,965178569;50,94876801;0
94169;5,20091E+18;5;3;15;0;2020;9;13;1;3;2;6;0;0;1;0;0;0;0;351810,474;5651822,331;6,888075703;50,99887192;0
94200;5,20091E+18;5;3;15;0;2020;9;0;7;3;3;6;2;0;1;0;0;0;1;352013,7371;5651618,595;6,89105344;50,99709337;0
94201;5,20091E+18;5;3;15;0;2020;9;17;7;3;4;6;0;1;0;0;0;0;0;356362,4953;5647295,229;6,954692801;50,95934212;0
94202;5,20091E+18;5;3;15;0;2020;9;18;7;3;6;2;0;0;1;1;0;0;0;352525,7883;5651485,463;6,898399466;50,99602845;0
94203;5,20091E+18;5;3;15;0;2020;9;19;7;3;5;3;1;1;1;0;0;0;0;355188,168;5644777,985;6,938983674;50,93642634;0
94204;5,20091E+18;5;3;15;0;2020;9;22;7;3;0;3;2;0;1;0;0;0;1;360390,424;5648478,584;7,011556361;50,97096711;0
94303;5,20091E+18;5;3;15;0;2020;9;12;6;3;2;6;0;0;1;0;0;0;0;349078,6448;5649191,853;6,850264667;50,97452396;0
94304;5,20091E+18;5;3;15;0;2020;9;14;6;3;2;6;0;0;1;0;0;0;0;358929,5572;5643644,231;6,992635929;50,92716458;0
94307;5,20091E+18;5;3;15;0;2020;9;17;6;2;0;1;0;1;0;0;0;0;0;362300,158;5640155,106;7,041884306;50,89662093;0
94308;5,20091E+18;5;3;15;0;2020;9;10;6;3;2;6;0;0;1;0;0;0;0;365160,0919;5635583,995;7,084214256;50,85621223;0
94309;5,20091E+18;5;3;15;0;2020;9;15;6;3;0;1;0;1;0;0;0;0;0;358180,3671;5644798,21;6,981533349;50,93735172;0
94310;5,20091E+18;5;3;15;0;2020;9;20;6;3;0;6;1;0;1;0;0;0;0;357020,1774;5639779,102;6,96699883;50,89195871;0
94311;5,20091E+18;5;3;15;0;2020;9;16;6;3;1;2;0;0;1;0;0;0;0;356929,595;5639870,984;6,96567574;50,89276202;0
94392;5,20091E+18;5;3;15;0;2020;9;1;6;1;2;6;2;0;1;0;0;1;0;361708,7399;5642506,352;7,032588674;50,91761106;0
94519;5,20092E+18;5;3;15;0;2020;9;15;3;3;2;6;0;0;1;0;0;0;0;358679,4461;5640550,897;6,990277407;50,89930328;0
94522;5,20092E+18;5;3;15;0;2020;9;16;3;3;3;2;0;0;1;0;0;0;1;359621,2249;5646951,371;7,001197135;50,95705496;0
94567;5,20091E+18;5;3;15;0;2020;9;18;2;3;2;6;0;0;1;0;0;0;0;348923,6549;5645502,183;6,849590229;50,94132713;0
94568;5,20091E+18;5;3;15;0;2020;9;6;2;2;1;6;2;0;1;0;0;0;1;363178,468;5646311,859;7,052056102;50,95216302;0
94569;5,20091E+18;5;3;15;0;2020;9;6;2;2;1;3;1;0;1;0;0;0;0;364889,964;5635412,54;7,080441898;50,8546082;0
94570;5,20091E+18;5;3;15;0;2020;9;17;2;3;0;1;0;1;0;0;0;0;0;364388,4627;5649139,874;7,06821821;50,97786561;0
94571;5,20091E+18;5;3;15;0;2020;9;12;2;3;0;1;0;1;0;0;0;0;0;356496,1792;5651717,171;6,954849374;50,99911455;0
94572;5,20091E+18;5;3;15;0;2020;9;11;2;3;8;5;0;0;1;0;0;0;0;355635,919;5648538,13;6,94386071;50,9703302;0
94573;5,20091E+18;5;3;15;0;2020;9;11;2;3;1;5;0;0;1;0;0;0;0;348138,1741;5645174,257;6,838554926;50,93817398;0
94574;5,20091E+18;5;3;15;0;2020;9;13;2;2;5;3;0;0;1;0;0;0;1;353675,084;5646344,026;6,916834931;50,95011786;0
94575;5,20091E+18;5;3;15;0;2020;9;18;2;2;6;6;0;1;0;1;0;0;0;355215,2844;5644958,607;6,939297568;50,93805635;0
94705;5,20091E+18;5;3;15;0;2020;9;22;1;3;2;6;2;0;1;0;0;0;0;361423,2625;5646192,105;7,027128363;50,95066743;0
94706;5,20091E+18;5;3;15;0;2020;9;16;1;2;0;1;0;1;0;0;0;0;0;356483,4045;5651474,705;6,954763272;50,99693238;0
94707;5,20091E+18;5;3;15;0;2020;9;9;1;3;7;3;0;1;0;0;1;0;0;351736,217;5642137,165;6,890963129;50,91181743;0
94711;5,20092E+18;5;3;15;0;2020;9;16;3;3;1;5;0;0;1;0;0;0;0;352259,7318;5647429,02;6,896259259;50,95950713;0
94809;5,20092E+18;5;3;15;0;2020;9;13;6;2;2;7;0;0;1;0;0;0;1;362335,2497;5646487,879;7,039992032;50,95354418;0
94846;5,20092E+18;5;3;15;0;2020;9;17;5;3;1;6;0;0;1;0;0;0;0;359970,6932;5647803,242;7,00584204;50,96479585;0
94848;5,20092E+18;5;3;15;0;2020;9;13;5;3;2;6;0;0;1;0;0;0;0;347564,7602;5647353,175;6,829487708;50,95760272;0
94992;5,20092E+18;5;3;15;0;2020;9;7;4;2;0;7;0;1;0;0;0;0;0;363214,0416;5639480,297;7,05512456;50,89077329;0
94993;5,20092E+18;5;3;15;0;2020;9;16;4;3;2;6;0;0;1;0;1;0;0;351389,7417;5648117,028;6,88359908;50,96546615;0
94994;5,20092E+18;5;3;15;0;2020;9;7;4;3;0;3;0;1;0;0;0;0;0;354308,5289;5645862,203;6,926039452;50,94594833;0
94995;5,20092E+18;5;3;15;0;2020;9;15;4;3;0;7;0;0;1;1;0;0;0;353291,5948;5646759,803;6,91121169;50,95375679;0
94996;5,20092E+18;5;3;15;0;2020;9;20;4;3;2;1;2;1;0;1;0;0;0;357097,5196;5643239,653;6,966742919;50,92307775;0
95162;5,20092E+18;5;3;15;0;2020;9;17;1;3;3;7;0;0;1;0;1;0;0;351286,3343;5644948,674;6,883421633;50,93696727;0
95163;5,20092E+18;5;3;15;0;2020;9;22;1;3;3;6;2;0;1;0;0;0;0;355452,9653;5635206,922;6,946537141;50,85047884;0
95164;5,20092E+18;5;3;15;0;2020;9;15;1;3;3;6;0;1;1;0;0;0;0;354183,6017;5642000,38;6,92580699;50,91121166;0
95165;5,20092E+18;5;3;15;0;2020;9;15;1;2;0;6;0;0;1;0;1;0;0;356190,6689;5641132,185;6,954679392;50,90391283;0
95167;5,20092E+18;5;3;15;0;2020;9;17;1;3;5;2;0;1;0;0;1;0;0;355669,7781;5644690,808;6,945867941;50,93576364;0
95250;5,20092E+18;5;3;15;0;2020;9;14;1;3;9;1;0;0;1;0;0;0;0;361802,162;5642527,99;7,033908716;50,91782791;0
95305;5,20092E+18;5;3;15;0;2020;9;23;7;3;0;1;2;0;0;0;0;0;1;362962,7714;5651355,179;7,047086269;50,99743769;0
95306;5,20092E+18;5;3;15;0;2020;9;13;7;2;3;6;0;0;0;0;1;0;1;360677,0869;5646247,445;7,016490918;50,9509849;0
95307;5,20092E+18;5;3;15;0;2020;9;13;7;3;0;1;0;0;0;0;1;0;0;356065,4681;5649212,353;6,949707587;50,97649679;0
95308;5,20092E+18;5;3;15;0;2020;9;18;7;3;1;6;0;0;1;0;0;0;0;354741,601;5644805,463;6,932621428;50,93656097;0
95310;5,20092E+18;5;3;15;0;2020;9;1;7;2;9;7;2;0;1;0;0;0;0;354306,1982;5642467,226;6,927363256;50,91543805;0
95312;5,20092E+18;5;3;15;0;2020;9;13;7;3;2;6;0;0;1;0;0;0;0;358094,4214;5639399,061;6,982410742;50,88880816;0
95313;5,20092E+18;5;3;15;0;2020;9;14;7;3;6;4;0;0;1;1;0;0;0;355754,496;5644081,213;6,947314096;50,9303065;0
95406;5,20092E+18;5;3;15;0;2020;9;16;7;2;2;6;0;0;1;0;1;0;0;350180,0992;5650774,752;6,86528969;50,98903592;0
95408;5,20092E+18;5;3;15;0;2020;9;15;7;2;2;6;0;0;1;0;0;0;0;353816,3429;5653138,709;6,916111831;51,01121469;0
95409;5,20092E+18;5;3;15;0;2020;9;11;7;3;2;6;0;0;1;0;0;0;0;352489,1881;5651018,02;6,898068114;50,99181841;0
95496;5,20092E+18;5;3;15;0;2020;9;16;4;3;2;6;0;0;1;0;0;0;0;348877,4169;5644955,843;6,849159186;50,93640546;0
95497;5,20092E+18;5;3;15;0;2020;9;16;4;3;2;6;0;0;1;0;0;0;0;352273,0271;5651783,168;6,894678947;50,99863892;0
95499;5,20092E+18;5;3;15;0;2020;9;9;4;3;2;6;0;0;1;0;1;0;0;355478,4947;5651030,503;6,940629057;50,99268897;0
95501;5,20092E+18;5;3;15;0;2020;9;14;4;3;1;3;0;1;1;0;0;0;0;350894,6809;5645057,299;6,87780703;50,93784229;0
95502;5,20092E+18;5;3;15;0;2020;9;8;4;2;0;1;0;0;0;0;1;0;0;355006,5656;5646327,853;6,935783888;50,95030899;0
95503;5,20092E+18;5;3;15;0;2020;9;15;4;3;2;1;0;1;0;0;0;0;1;354541,9322;5645717,858;6,929417343;50,94471007;0
95505;5,20092E+18;5;3;15;0;2020;9;19;4;2;5;2;1;1;1;0;0;0;0;353203,803;5646839,044;6,909930672;50,95444655;0
95506;5,20092E+18;5;3;15;0;2020;9;18;4;2;5;3;0;0;1;0;1;0;0;358415,2306;5640545,678;6,986524494;50,89919165;0
95507;5,20092E+18;5;3;15;0;2020;9;8;4;3;0;5;0;1;0;0;0;0;0;354744,6687;5643086,919;6,933349815;50,92111761;0
95508;5,20092E+18;5;3;15;0;2020;9;13;4;2;5;3;0;1;0;0;0;0;1;357956,1998;5641165,743;6,979759717;50,90465148;0
95509;5,20092E+18;5;3;15;0;2020;9;8;4;3;5;3;0;1;0;0;0;0;0;356593,4356;5644606,292;6,959037904;50,93523452;0
95533;5,20092E+18;5;3;15;0;2020;9;9;5;3;2;6;0;0;1;0;0;0;0;363061,2406;5646342,996;7,050376443;50,95241502;0
95550;5,20092E+18;5;3;15;0;2020;9;7;5;3;3;6;0;0;1;0;0;1;0;348872,8312;5645044,351;6,849057262;50,93719962;0
95609;5,20092E+18;5;3;15;0;2020;9;19;4;3;2;6;1;0;1;0;0;0;0;364118,8946;5641472,162;7,067241031;50,90888882;0
95610;5,20092E+18;5;3;15;0;2020;9;3;4;3;2;6;2;0;1;0;0;0;0;366187,801;5638826,095;7,097621013;50,88559009;0
95661;5,20092E+18;5;3;15;0;2020;9;16;3;3;1;6;0;0;1;0;1;0;0;355738,038;5654489,004;6,942950046;51,02383457;0
95662;5,20092E+18;5;3;15;0;2020;9;17;3;1;1;6;0;0;1;0;1;0;0;363301,3358;5646261,174;7,053823337;50,95173666;0
95664;5,20092E+18;5;3;15;0;2020;9;17;3;3;3;2;0;1;1;0;0;0;0;365180,7085;5645578,442;7,080816556;50,94604326;0
95666;5,20092E+18;5;3;15;0;2020;9;8;3;3;3;6;0;1;1;0;0;0;0;350096,4367;5645081,867;6,866444036;50,93785611;0
95668;5,20092E+18;5;3;15;0;2020;9;18;3;3;0;1;1;1;0;0;0;0;0;352550,1305;5647208,703;6,900480669;50,95760163;0
95669;5,20092E+18;5;3;15;0;2020;9;10;3;3;1;6;0;0;1;0;0;0;0;353074,8395;5640714,469;6,910563927;50,89937445;0
95772;5,20092E+18;5;3;15;0;2020;9;18;3;3;2;6;0;0;1;0;0;0;0;362263,0896;5642641,182;7,040419319;50,91895541;0
95773;5,20092E+18;5;3;15;0;2020;9;9;3;3;2;6;0;0;1;0;0;0;0;362921,5141;5644343,398;7,049140893;50,93441069;0
95838;5,20092E+18;5;3;15;0;2020;9;17;2;3;2;6;0;0;1;0;1;0;0;362330,507;5643832,493;7,040928085;50,92967823;0
95839;5,20092E+18;5;3;15;0;2020;9;7;2;3;2;7;0;0;1;0;1;0;0;360003,4972;5644895,834;7,007426893;50,93867457;0
95841;5,20092E+18;5;3;15;0;2020;9;22;2;2;6;4;2;0;1;1;0;0;0;360566,105;5648908,637;7,013892053;50,9748746;0
95842;5,20092E+18;5;3;15;0;2020;9;8;2;3;4;6;0;0;1;0;0;1;1;352600,5404;5656892,787;6,897266163;51,04464005;0