OBJECTID;UIDENTSTLAE;ULAND;UREGBEZ;UKREIS;UGEMEINDE;UJAHR;UMONAT;USTUNDE;UWOCHENTAG;UKATEGORIE;UART;UTYP1;ULICHTVERH;IstRad;IstPKW;IstFuss;IstKrad;IstGkfz;IstSonstige;LINREFX;LINREFY;XGCSWGS84;YGCSWGS84;STRZUSTAND
101632;5,20121E+18;5;3;15;0;2020;12;12;7;3;1;6;0;0;0;0;0;0;1;359981,6396;5648840,115;7,00559865;50,97411699;0
101633;5,20121E+18;5;3;15;0;2020;12;14;7;3;0;1;0;1;0;0;0;0;0;353686,1185;5646332,074;6,916996716;50,95001325;0
101634;5,20121E+18;5;3;15;0;2020;12;21;7;3;5;3;2;0;1;0;1;0;0;356576,663;5643028,45;6,9594201;50,92105044;0
101635;5,2012E+18;5;3;15;0;2020;12;12;4;3;3;2;0;1;1;0;0;0;0;352975,98;5646967,266;6,906637475;50,95554075;1
101641;5,2012E+18;5;3;15;0;2020;12;14;4;3;5;2;0;1;1;0;0;0;0;353961;5642237,552;6,922547852;50,91328678;1
101643;5,2012E+18;5;3;15;0;2020;12;14;4;3;6;4;0;1;0;1;0;0;0;352193,595;5643662,711;6,896846421;50,92564416;0
101647;5,2012E+18;5;3;15;0;2020;12;16;4;3;5;2;2;1;1;0;0;0;0;355305,0789;5645505,399;6,940357544;50,94299279;0
101712;5,2012E+18;5;3;15;0;2020;12;13;6;2;0;3;0;1;1;0;0;0;0;349408,0695;5658083,622;6,851262416;51,05451304;0
101713;5,2012E+18;5;3;15;0;2020;12;20;6;3;8;1;2;0;0;0;1;0;0;353757,6173;5646465,966;6,917960114;50,95123464;0
101714;5,2012E+18;5;3;15;0;2020;12;7;6;3;5;3;1;1;1;0;0;0;0;348333,3903;5648473,434;6,839956863;50,96787236;0
101715;5,2012E+18;5;3;15;0;2020;12;20;6;3;2;7;2;1;0;0;1;0;0;355942,2168;5646015,403;6,949218854;50,94773566;0
101716;5,2012E+18;5;3;15;0;2020;12;7;6;3;6;4;1;0;1;1;0;0;0;354750,818;5644506,404;6,932871716;50,93387573;0
101718;5,2012E+18;5;3;15;0;2020;12;8;6;3;6;4;1;0;0;1;0;0;1;356621,8134;5643049,078;6,96005394;50,92124704;0
101819;5,2012E+18;5;3;15;0;2020;12;12;5;3;1;6;0;0;1;0;0;0;0;362958,766;5642588,567;7,050330323;50,91864817;1
101820;5,2012E+18;5;3;15;0;2020;12;16;5;3;3;2;0;0;1;0;0;0;0;366214,0092;5635850,167;7,099082033;50,85884929;0
101821;5,2012E+18;5;3;15;0;2020;12;11;5;2;6;4;0;0;1;1;0;0;0;360600,3698;5648934,765;7,014369792;50,97511771;1
101823;5,2012E+18;5;3;15;0;2020;12;18;5;3;2;6;2;0;1;0;0;0;0;361488,6985;5649834,126;7,026672529;50,98341479;1
101824;5,2012E+18;5;3;15;0;2020;12;17;5;2;5;2;2;1;1;0;0;0;0;354480,9124;5647390,364;6,927880826;50,95972497;0
101825;5,2012E+18;5;3;15;0;2020;12;16;5;3;3;6;1;1;0;0;0;0;0;353378,2813;5644867,578;6,913206792;50,93677417;0
101827;5,2012E+18;5;3;15;0;2020;12;11;5;3;4;6;0;1;0;0;0;0;0;354536,5809;5644823,166;6,929698464;50,93666838;0
101828;5,2012E+18;5;3;15;0;2020;12;10;5;3;6;4;0;0;1;1;0;0;0;354043,5029;5642130,108;6,923763637;50,91234208;1
101829;5,2012E+18;5;3;15;0;2020;12;7;5;3;2;6;1;0;1;0;0;0;0;352043,8677;5643614,537;6,894737019;50,92517286;0
101830;5,2012E+18;5;3;15;0;2020;12;21;5;3;4;2;2;0;1;0;0;0;0;354259,2238;5640288,188;6,927565456;50,8958437;0
101831;5,2012E+18;5;3;15;0;2020;12;6;5;3;6;4;2;1;0;1;0;0;0;356078,2702;5646107,511;6,951117958;50,9485974;0
101832;5,2012E+18;5;3;15;0;2020;12;18;5;3;2;6;2;0;1;0;0;0;0;355289,504;5645352,731;6,940196647;50,94161689;1
101901;5,2012E+18;5;3;15;0;2020;12;7;5;3;2;6;0;0;1;0;0;0;1;350004,0518;5650675,715;6,86282403;50,9881001;0
101957;5,20121E+18;5;3;15;0;2020;12;7;4;3;2;6;1;0;1;0;0;0;0;351102,2139;5642060,542;6,881982338;50,91096566;1
101969;5,20121E+18;5;3;15;0;2020;12;13;5;3;0;2;0;0;1;0;0;0;1;362968,1706;5645280,915;7,049451873;50,94284759;0
101977;5,20121E+18;5;3;15;0;2020;12;8;3;3;5;3;0;0;1;0;1;0;0;365103,456;5645801,755;7,079634788;50,94803222;0
102037;5,20121E+18;5;3;15;0;2020;12;17;5;3;3;7;2;1;1;0;0;0;0;354071,296;5646027,29;6,922598593;50,9473719;0
102044;5,20121E+18;5;3;15;0;2020;12;19;2;3;0;5;2;1;1;0;0;0;0;356694,1363;5644626,62;6,960462111;50,93544224;0
102045;5,20121E+18;5;3;15;0;2020;12;8;3;3;4;2;1;1;1;0;0;0;0;352525,464;5643730,481;6,901537821;50,92633811;0
102046;5,20121E+18;5;3;15;0;2020;12;23;5;3;3;6;2;0;1;0;0;0;0;357135,6194;5637714,433;6,969446181;50,87343204;0
102053;5,20121E+18;5;3;15;0;2020;12;16;4;3;0;7;0;0;0;0;0;0;1;351171,0311;5651522,087;6,879092399;50,99600879;0
102108;5,20121E+18;5;3;15;0;2020;12;6;4;3;2;6;2;0;1;0;0;0;0;350932,1261;5642166,403;6,879521427;50,91187307;1
102125;5,20121E+18;5;3;15;0;2020;12;7;3;3;2;6;0;0;1;0;0;1;0;363193,4332;5643932,331;7,053162671;50,93078083;0
102129;5,20121E+18;5;3;15;0;2020;12;9;2;3;8;1;0;0;1;0;0;0;0;354193,8775;5639679,561;6,926879812;50,89035762;1
102189;5,20121E+18;5;3;15;0;2020;12;8;5;3;5;3;0;1;1;0;0;0;0;351742,079;5655294,526;6,885682672;51,03005668;0
102197;5,20121E+18;5;3;15;0;2020;12;13;2;3;3;6;0;0;1;0;1;0;0;358302,5948;5643997,891;6,983582986;50,93018928;1
102198;5,20121E+18;5;3;15;0;2020;12;17;3;3;5;2;2;1;1;0;0;0;0;354190,6909;5653677,321;6,921228027;51,01614998;1
102249;5,20121E+18;5;3;15;0;2020;12;15;1;3;0;7;1;0;1;0;0;0;0;349039,548;5647167,056;6,850548399;50,95631844;1
102257;5,20121E+18;5;3;15;0;2020;12;0;1;3;4;7;2;0;1;0;0;0;0;353595,4786;5648747,941;6,914735238;50,97170067;0
102258;5,20121E+18;5;3;15;0;2020;12;13;5;3;5;3;0;1;0;0;0;0;1;353351,4331;5643283,953;6,913462023;50,92253587;0
102261;5,20121E+18;5;3;15;0;2020;12;17;1;3;1;7;2;0;1;0;1;0;0;355251,3892;5645135,407;6,939740847;50,93965429;0
102266;5,20121E+18;5;3;15;0;2020;12;19;3;3;7;7;2;1;0;0;0;0;0;356182,668;5644619,844;6,953190494;50,93525402;1
102272;5,20121E+18;5;3;15;0;2020;12;18;4;3;6;4;2;0;1;1;0;0;0;356346,0266;5638024,426;6,958109389;50,87602222;0
102273;5,20121E+18;5;3;15;0;2020;12;17;1;2;1;7;2;0;1;1;0;0;0;361613,8354;5642023,683;7,031422447;50,91325041;1
102333;5,20122E+18;5;3;15;0;2020;12;12;4;3;3;6;0;0;1;0;0;1;0;348857,8328;5644629,677;6,84901594;50,93346932;0
102376;5,20122E+18;5;3;15;0;2020;12;21;3;3;3;6;2;0;1;0;0;1;0;358937,8715;5643594,249;6,992773498;50,92671743;0
102411;5,20121E+18;5;3;15;0;2020;12;17;1;3;0;1;2;1;0;0;0;0;0;355060,0936;5643555,927;6,937648065;50,9254118;0
102442;5,20121E+18;5;3;15;0;2020;12;5;2;3;8;1;2;0;0;0;1;0;0;367629,5215;5641929,614;7,11698068;50,91381603;0
102458;5,20122E+18;5;3;15;0;2020;12;17;3;3;6;6;2;1;0;1;0;0;0;352213,811;5643670,496;6,897130714;50,9257193;1
102462;5,20122E+18;5;3;15;0;2020;12;17;3;3;5;6;1;0;1;0;0;0;0;357248,2599;5639127,242;6,970494394;50,88615684;0
102503;5,20121E+18;5;3;15;0;2020;12;17;7;3;6;2;2;0;1;1;0;0;0;361320,8882;5649645,834;7,024355157;50,98168218;1
102508;5,20121E+18;5;3;15;0;2020;12;6;7;3;8;1;2;0;1;0;0;0;0;357318,1364;5647045,44;6,968389277;50,95733472;1
102545;5,20122E+18;5;3;15;0;2020;12;7;3;3;1;6;1;0;1;0;0;0;0;360505,4435;5650984,796;7,012231576;50,99351858;1
102549;5,20121E+18;5;3;15;0;2020;12;17;6;3;2;6;2;0;1;0;0;0;0;356728,4089;5638935,684;6,963183736;50,88430662;1
102582;5,20121E+18;5;3;15;0;2020;12;14;7;3;8;1;0;0;1;0;0;0;0;348274,7682;5657062,579;6,835531985;51,04503965;1
102584;5,20121E+18;5;3;15;0;2020;12;15;7;3;8;1;0;0;1;0;0;0;0;357072,2668;5638761,355;6,968137066;50,88282509;1
102613;5,20121E+18;5;3;15;0;2020;12;16;2;3;2;6;1;0;1;0;0;0;0;364944,134;5639221,171;7,079804609;50,88885148;0
102627;5,20122E+18;5;3;15;0;2020;12;14;3;3;5;2;0;1;1;0;0;0;0;364756,1279;5640648,174;7,076604786;50,90163282;1
102652;5,20121E+18;5;3;15;0;2020;12;13;6;3;2;6;0;0;0;0;0;0;1;351543,5688;5651394,021;6,884449773;50,99495417;0
102658;5,20121E+18;5;3;15;0;2020;12;14;6;2;6;4;0;0;1;1;0;0;0;361033,6127;5645050,617;7,022020132;50,94031481;0
102660;5,20121E+18;5;3;15;0;2020;12;8;6;3;0;1;0;0;0;0;1;0;0;361307,8252;5649630,569;7,024175003;50,98154184;0
102661;5,20121E+18;5;3;15;0;2020;12;17;6;3;5;3;2;1;1;0;0;0;0;351889,6231;5651982,89;6,889137382;51,00033515;1
102663;5,20121E+18;5;3;15;0;2020;12;20;6;3;5;2;2;0;1;0;0;0;0;349038,2799;5649640,958;6,849503658;50,97854912;0
102665;5,20121E+18;5;3;15;0;2020;12;17;6;3;0;1;2;1;0;0;0;0;0;351807,9516;5643571,834;6,89139996;50,92472856;1
102669;5,20121E+18;5;3;15;0;2020;12;23;6;2;0;1;2;1;0;0;0;0;0;355302,7288;5644189,75;6,940846569;50,93116875;0
102691;5,20121E+18;5;3;15;0;2020;12;18;2;3;5;7;2;1;0;1;0;0;0;359321,2801;5647729,232;6,996628397;50,9639725;0
102702;5,20121E+18;5;3;15;0;2020;12;16;2;3;2;1;2;0;1;0;0;0;0;348985,1078;5643041,909;6,851483527;50,91923452;0
102723;5,20122E+18;5;3;15;0;2020;12;18;3;3;0;1;2;0;0;0;0;0;1;351217,6111;5645040,875;6,882406592;50,9377781;1
102725;5,20122E+18;5;3;15;0;2020;12;14;5;2;3;2;0;0;1;0;0;0;0;350001,8133;5643333,265;6,865817794;50,92211794;0
102731;5,20122E+18;5;3;15;0;2020;12;18;7;3;6;2;2;0;1;1;0;0;0;353734,9337;5646279,201;6,917712423;50,94955049;0
102776;5,20122E+18;5;3;15;0;2020;12;17;1;3;5;3;2;1;1;0;0;0;0;351727,5323;5655279,29;6,885481604;51,02991601;0
102780;5,20122E+18;5;3;15;0;2020;12;14;7;3;2;6;0;0;1;0;0;1;0;348706,5513;5642931,074;6,84756941;50,91816556;0
102786;5,20122E+18;5;3;15;0;2020;12;22;2;3;5;3;2;0;1;0;0;0;0;353665,3498;5646355,081;6,916692004;50,95021473;1
102792;5,20122E+18;5;3;15;0;2020;12;9;5;3;2;6;0;0;1;0;0;1;0;348718,9331;5655606,888;6,842471367;51,03207587;1
102798;5,20122E+18;5;3;15;0;2020;12;15;7;3;5;3;0;1;1;0;0;0;0;366997,8199;5642321,374;7,10785689;50,91719183;0
102811;5,20122E+18;5;3;15;0;2020;12;17;5;2;4;2;2;0;1;0;0;0;0;358090,484;5639401,768;6,982353746;50,88883153;0
102842;5,20122E+18;5;3;15;0;2020;12;16;4;3;1;6;1;0;1;0;0;0;0;360496,3866;5650684,165;7,012218063;50,99081458;0
102852;5,20122E+18;5;3;15;0;2020;12;17;4;3;0;5;2;1;1;0;0;0;0;365096,3598;5643315,895;7,080454177;50,92568878;1
102860;5,20122E+18;5;3;15;0;2020;12;14;4;3;5;2;0;0;1;0;1;0;0;363308,9465;5641896,912;7,05556838;50,91251501;1
102874;5,20122E+18;5;3;15;0;2020;12;11;4;2;6;4;0;0;1;1;0;0;0;364825,4103;5639760,552;7,077918058;50,89367145;0
102879;5,20122E+18;5;3;15;0;2020;12;17;5;3;2;6;2;0;1;0;0;0;0;360666,4619;5642991,33;7,01758481;50,92171895;0
102887;5,20122E+18;5;3;15;0;2020;12;16;4;3;6;4;0;1;0;1;0;0;0;359369,0869;5644788,928;6,998444459;50,93755942;0
102891;5,20122E+18;5;3;15;0;2020;12;5;4;3;5;7;2;0;1;0;0;0;1;357898,6951;5644529,295;6,97763195;50,93486565;0
102894;5,20122E+18;5;3;15;0;2020;12;14;4;2;3;2;0;1;1;0;0;0;0;349935,9692;5659866,38;6,85804969;51,07067129;0
102906;5,20122E+18;5;3;15;0;2020;12;15;4;3;0;1;0;1;0;0;0;0;0;359081,122;5636230,696;6,997651279;50,860575;1
102911;5,20122E+18;5;3;15;0;2020;12;19;7;3;6;4;2;0;1;1;0;0;0;356381,3242;5647223,92;6,954988872;50,95870597;0
102963;5,20122E+18;5;3;15;0;2020;12;16;6;3;6;4;2;1;0;1;0;0;0;354677,8045;5644687,894;6,931760968;50,93548834;0
102966;5,20122E+18;5;3;15;0;2020;12;17;2;2;6;1;2;0;1;1;0;0;0;350791,217;5652422,741;6,873313659;51,00400399;1
102989;5,20122E+18;5;3;15;0;2020;12;7;5;3;0;1;1;0;0;0;1;0;0;348873,4813;5643011,998;6,849908984;50,91893651;1
102995;5,20122E+18;5;3;15;0;2020;12;13;7;2;0;7;0;1;1;0;0;0;0;353957,1938;5642206,667;6,922506108;50,91300826;0
103015;5,20122E+18;5;3;15;0;2020;12;23;3;3;5;2;2;1;0;0;0;0;1;355436,4992;5643893,664;6,942866333;50,92854143;1
103040;5,20122E+18;5;3;15;0;2020;12;21;1;3;0;7;2;1;0;0;0;0;0;356101,6643;5643384,491;6,95252609;50,92413187;0
103050;5,20122E+18;5;3;15;0;2020;12;15;2;3;2;2;0;1;1;0;0;0;0;354425,6057;5645780,309;6,927737642;50,94524194;1
103061;5,20122E+18;5;3;15;0;2020;12;12;7;3;5;3;0;0;1;0;1;0;0;358190,31;5644791,556;6,981677359;50,93729437;0
103074;5,20122E+18;5;3;15;0;2020;12;11;5;3;5;2;0;0;1;0;0;0;0;355710,005;5640037,755;6,948280294;50,89395738;1
103110;5,20122E+18;5;3;15;0;2020;12;12;6;3;3;2;0;0;1;0;1;0;0;357738,0994;5635000,801;6,979058525;50,84919292;1
103113;5,20122E+18;5;3;15;0;2020;12;22;2;3;5;3;2;1;1;0;0;0;0;362776,0637;5645216,76;7,046743238;50,94222531;1
103158;5,20123E+18;5;3;15;0;2020;12;18;1;3;2;1;2;0;1;0;0;0;0;354713,56;5643043,875;6,932924664;50,92072295;0
103159;5,20123E+18;5;3;15;0;2020;12;23;4;2;0;1;2;0;1;0;0;0;0;351108,3487;5642055,901;6,882071434;50,91092554;1
103192;5,20123E+18;5;3;15;0;2020;12;4;5;3;5;6;2;0;1;0;0;0;0;352408,3656;5651059,52;6,896900414;50,99217063;1
103219;5,20123E+18;5;3;15;0;2020;12;16;3;3;8;1;1;1;0;0;0;0;0;346362,5722;5645429,039;6,813194964;50,93999314;1
103272;5,20123E+18;5;3;15;0;2020;12;19;4;3;3;6;2;1;1;0;0;0;0;359824,0288;5644854,873;7,004889929;50,93826284;0
103278;5,20123E+18;5;3;15;0;2020;12;20;5;3;5;3;2;0;1;0;0;0;1;353674,1446;5646345,124;6,916821125;50,95012749;1
103404;5,20123E+18;5;3;15;0;2020;12;13;3;3;0;3;0;1;1;0;0;0;0;360885,7726;5644279,026;7,020211772;50,9333447;0
103405;5,20122E+18;5;3;15;0;2020;12;23;5;3;0;4;2;0;1;1;0;0;0;362584,9565;5643837,213;7,04454493;50,92978132;0
103466;5,20123E+18;5;3;15;0;2020;12;12;5;3;5;3;0;1;1;0;0;0;0;351160,98;5651894,942;6,878796442;50,99935679;1
103494;5,20123E+18;5;3;15;0;2020;12;13;2;2;2;7;0;0;1;0;0;1;0;364618,1988;5645958,024;7,072672817;50,94932292;0
103519;5,20123E+18;5;3;15;0;2020;12;19;3;3;6;4;2;0;1;1;0;0;0;354037,106;5642120,883;6,923676395;50,91225756;0
103548;5,20123E+18;5;3;15;0;2020;12;0;4;3;9;1;2;0;1;0;0;0;0;353425,2423;5646017,647;6,913411937;50,94712134;1
103549;5,20122E+18;5;3;15;0;2020;12;12;4;3;5;3;0;0;1;0;1;0;0;361600,4532;5649988,826;7,028204737;50,98483198;1
103554;5,20123E+18;5;3;15;0;2020;12;14;5;3;9;1;0;0;1;0;0;0;0;355569,0547;5635209,394;6,948184225;50,85053005;1
200857;5,2001E+18;5;3;15;0;2020;1;10;7;3;5;7;0;0;1;0;1;0;0;359095,0608;5639420,364;6,996620119;50,88924457;1
200870;5,2001E+18;5;3;15;0;2020;1;10;6;3;5;3;0;0;1;0;0;0;1;352781,975;5643048,532;6,905460494;50,92027522;1
200872;5,20011E+18;5;3;15;0;2020;1;15;2;3;1;2;0;0;1;0;0;0;1;359107,6775;5645381,565;6,994497141;50,94282169;0
200873;5,2001E+18;5;3;15;0;2020;1;13;5;3;5;6;0;0;1;0;0;0;0;356746,6712;5641941,447;6,962264126;50,91132385;0
200885;5,20011E+18;5;3;15;0;2020;1;15;2;2;0;7;0;0;0;0;0;0;1;355821,8496;5640760,579;6,949584211;50,90048126;0
200907;5,2001E+18;5;3;15;0;2020;1;15;6;3;5;3;0;1;1;0;0;0;0;359954,999;5645961,919;7,006327171;50,94824385;1
200918;5,2001E+18;5;3;15;0;2020;1;15;6;3;0;7;0;0;0;1;0;0;1;356651,4226;5645583,787;6,959478005;50,94403357;1
200920;5,20011E+18;5;3;15;0;2020;1;14;2;3;5;2;0;1;1;0;0;0;0;357374,7276;5648004,466;6,968818612;50,9659674;0
200955;5,2001E+18;5;3;15;0;2020;1;17;4;3;0;7;2;0;0;0;0;0;1;353335,6762;5643472,166;6,913162293;50,92422327;0
200958;5,2001E+18;5;3;15;0;2020;1;12;6;3;0;1;0;0;0;0;0;0;1;354750,4663;5643758,406;6,933164771;50,92715357;1
200972;5,20011E+18;5;3;15;0;2020;1;6;2;3;2;7;2;0;1;0;1;0;0;354941,9024;5642875,378;6,936238183;50,91926615;0
200976;5,20011E+18;5;3;15;0;2020;1;20;2;3;6;2;2;0;1;1;0;0;0;367431,5315;5637847,872;7,11564737;50,87708475;0
201010;5,2001E+18;5;3;15;0;2020;1;10;7;3;5;5;0;1;1;0;0;0;0;354173,834;5642801,831;6,925347808;50,91841162;0
201012;5,2001E+18;5;3;15;0;2020;1;11;6;3;6;7;0;0;1;1;0;0;0;363502,9568;5638671,1;7,059532218;50,88356897;1
201023;5,2001E+18;5;3;15;0;2020;1;20;6;3;5;3;2;1;1;0;0;0;0;354904,6511;5645202,202;6,93478242;50,94016741;1
201025;5,20011E+18;5;3;15;0;2020;1;16;2;3;5;3;0;0;1;0;1;0;0;356234,9611;5647485,955;6,952802684;50,96102434;0
201026;5,2001E+18;5;3;15;0;2020;1;7;5;3;0;1;1;1;0;0;0;0;0;355290,2466;5641892,651;6,94158049;50,91052203;2
201060;5,2001E+18;5;3;15;0;2020;1;18;6;3;5;3;2;0;1;0;0;0;0;352078,9733;5653371,632;6,891268032;51,01286364;1
201073;5,20011E+18;5;3;15;0;2020;1;14;2;3;2;6;0;0;1;0;0;1;0;351943,916;5649450,273;6,890942712;50,97758997;0
201112;5,20011E+18;5;3;15;0;2020;1;8;3;3;5;2;0;0;1;0;0;0;0;365107,7491;5642722,791;7,080835534;50,92036088;1
201114;5,20011E+18;5;3;15;0;2020;1;19;6;3;4;6;2;1;0;0;0;0;0;353038,7045;5654663,913;6,904416303;51,0247227;1
201118;5,20011E+18;5;3;15;0;2020;1;16;3;3;4;1;1;0;1;0;0;0;0;363094,6991;5642678,47;7,052229287;50,91948843;1
201121;5,20011E+18;5;3;15;0;2020;1;16;3;3;0;7;0;1;0;0;0;0;1;363963,087;5644756,72;7,06380085;50,93837203;0
201122;5,20011E+18;5;3;15;0;2020;1;18;3;3;5;3;2;1;0;0;0;0;0;355572,421;5649513,275;6,942569602;50,97907765;0
201124;5,20011E+18;5;3;15;0;2020;1;12;3;2;0;7;0;1;0;0;0;0;0;352385,954;5652523,196;6,895986251;51,00531811;0
201126;5,20011E+18;5;3;15;0;2020;1;9;6;3;3;6;0;1;0;0;0;0;0;354593,9516;5643648,529;6,93098301;50,9261267;1
201130;5,20011E+18;5;3;15;0;2020;1;17;3;3;5;2;2;0;1;0;0;0;0;355322,185;5654720,183;6,9369322;51,02580758;0
201133;5,20011E+18;5;3;15;0;2020;1;8;5;3;6;4;2;0;0;1;0;0;1;355856,3176;5648246,217;6,947113321;50,96776204;1
201134;5,20011E+18;5;3;15;0;2020;1;12;3;3;3;5;0;1;1;0;0;0;0;348203,7675;5645019,081;6,83955245;50,93679681;0
201135;5,20011E+18;5;3;15;0;2020;1;8;5;3;6;2;1;0;0;1;0;0;1;356765,9283;5648939,678;6,959786013;50,97422096;1
201136;5,20011E+18;5;3;15;0;2020;1;8;5;3;5;2;2;0;1;0;0;0;0;356802,3377;5641660,289;6,963165753;50,90881091;1
201137;5,20011E+18;5;3;15;0;2020;1;19;5;3;4;3;2;1;1;0;0;0;0;353676,6555;5642868,839;6,918252609;50,91888794;0
201139;5,20011E+18;5;3;15;0;2020;1;8;5;3;1;5;1;1;1;0;0;0;0;356107,7369;5645423,937;6,951807235;50,94246159;1
201142;5,20011E+18;5;3;15;0;2020;1;17;3;3;2;2;2;0;1;0;0;0;0;352269,7191;5649444,103;6,895582929;50,97761819;0
201146;5,20011E+18;5;3;15;0;2020;1;8;3;3;5;2;1;1;1;0;0;0;0;355152,9556;5641984,854;6,939592349;50,9113162;0
201162;5,20011E+18;5;3;15;0;2020;1;7;6;3;0;7;0;0;1;0;1;0;0;353256,3147;5645094,896;6,911380586;50,93878596;1
201216;5,20011E+18;5;3;15;0;2020;1;21;6;3;6;4;2;0;1;1;0;0;0;358527,5495;5650842,141;6,984121095;50,99175375;1
201230;5,20011E+18;5;3;15;0;2020;1;14;6;3;5;2;0;0;1;0;0;0;0;355547,5174;5641341,199;6,945455767;50,90563064;1
201248;5,20011E+18;5;3;15;0;2020;1;11;4;3;2;6;0;0;1;0;0;0;0;351715,9763;5646048,362;6,889084462;50,94696023;1
201250;5,20011E+18;5;3;15;0;2020;1;8;4;3;0;1;1;1;0;0;0;0;0;353279,3797;5642996;6,912553405;50,91992983;1
201252;5,20011E+18;5;3;15;0;2020;1;18;4;3;5;3;2;1;1;0;0;0;0;352404,952;5643492,575;6,899920549;50,92416933;1
201254;5,20011E+18;5;3;15;0;2020;1;22;4;3;4;6;2;1;0;0;0;0;0;356529,665;5643416,742;6,958599119;50,9245283;1
201256;5,20011E+18;5;3;15;0;2020;1;15;4;3;1;5;0;1;1;0;0;0;0;356327,9891;5645031,764;6,955094878;50,93899211;1
201266;5,20011E+18;5;3;15;0;2020;1;11;6;3;5;3;0;1;1;0;0;0;0;350175,16;5644449,618;6,867823597;50,93219495;1
201277;5,20011E+18;5;3;15;0;2020;1;19;6;3;0;1;2;1;0;0;0;0;0;355870,9105;5642777,422;6,94948494;50,91861863;1
201328;5,20011E+18;5;3;15;0;2020;1;13;6;3;5;2;0;0;1;0;0;0;0;349036,092;5646250,888;6,850879124;50,94808463;1
201343;5,20011E+18;5;3;15;0;2020;1;17;1;3;5;3;0;0;1;0;0;0;0;354732,6209;5648531,606;6,931006825;50,97004447;1
201348;5,20011E+18;5;3;15;0;2020;1;14;1;3;1;7;0;0;1;0;0;0;1;356918,3825;5640892,943;6,965116027;50,90194356;1
201349;5,20011E+18;5;3;15;0;2020;1;17;2;3;4;3;2;0;1;0;0;0;0;365861,7046;5635839,145;7,094083255;50,85866861;0
201350;5,20011E+18;5;3;15;0;2020;1;13;1;3;1;5;0;1;1;0;0;0;0;355068,984;5643827,72;6,937666437;50,92785659;0
201389;5,20012E+18;5;3;15;0;2020;1;19;4;3;2;6;2;0;1;0;0;0;0;356192,281;5644489,671;6,953378581;50,93408657;1
201398;5,20011E+18;5;3;15;0;2020;1;14;2;3;5;3;0;0;1;0;0;0;0;353474,4535;5656802,324;6,909760705;51,04405067;0
201408;5,20011E+18;5;3;15;0;2020;1;12;3;3;1;5;0;1;1;0;0;0;0;355862,6164;5644503,666;6,948684585;50,93413005;0
201426;5,20012E+18;5;3;15;0;2020;1;19;4;3;0;5;1;0;1;0;0;0;0;355676,3634;5648162,273;6,944585491;50,9669626;1
201444;5,20011E+18;5;3;15;0;2020;1;18;3;3;2;6;2;0;1;0;0;0;0;353423,7011;5648090,718;6,912555172;50,9657508;0
201452;5,20011E+18;5;3;15;0;2020;1;17;2;3;6;4;2;0;1;1;0;0;0;360820,5456;5644001,512;7,019390066;50,93083488;0
201453;5,20011E+18;5;3;15;0;2020;1;22;7;3;5;6;2;0;1;0;0;0;0;357171,9884;5642016,725;6,9682806;50,91210577;0
201456;5,20011E+18;5;3;15;0;2020;1;13;7;3;3;6;0;1;1;0;0;0;0;356467,838;5646321,222;6,956575858;50,95061512;0
201459;5,20011E+18;5;3;15;0;2020;1;17;3;3;2;6;2;0;1;0;0;0;0;361955,9881;5646580,158;7,034560677;50,9542828;0
201464;5,20011E+18;5;3;15;0;2020;1;14;2;3;5;3;0;0;1;0;0;0;1;357195,0593;5641931,581;6,968641882;50,91134629;0
201479;5,20012E+18;5;3;15;0;2020;1;11;4;3;6;4;0;0;1;1;0;0;0;359093,2793;5639707,975;6,99648388;50,89182894;0
201503;5,20011E+18;5;3;15;0;2020;1;8;2;3;5;3;0;0;1;0;0;0;0;352074,1702;5653371,122;6,891199818;51,01285782;1
201513;5,20011E+18;5;3;15;0;2020;1;13;3;3;5;3;0;1;1;0;0;0;0;355239,1444;5642120,166;6,940763834;50,91255385;0
201552;5,20011E+18;5;3;15;0;2020;1;9;2;3;1;5;0;1;1;0;0;0;0;354925,1175;5642889,14;6,935994074;50,91938561;0
201582;5,20012E+18;5;3;15;0;2020;1;18;4;3;0;5;2;1;1;0;0;0;0;352504,7538;5646781,029;6,900008319;50,95374672;1