OBJECTID;UIDENTSTLAE;ULAND;UREGBEZ;UKREIS;UGEMEINDE;UJAHR;UMONAT;USTUNDE;UWOCHENTAG;UKATEGORIE;UART;UTYP1;ULICHTVERH;IstRad;IstPKW;IstFuss;IstKrad;IstGkfz;IstSonstige;LINREFX;LINREFY;XGCSWGS84;YGCSWGS84;STRZUSTAND
201599;5,20011E+18;5;3;15;0;2020;1;14;3;3;0;3;0;1;1;0;0;0;0;357270,7817;5636003,658;6,972033383;50,85809058;0
201607;5,20012E+18;5;3;15;0;2020;1;5;1;3;6;6;2;0;1;1;0;0;0;359364,4082;5643011,075;6,999063806;50,92158051;1
201609;5,20012E+18;5;3;15;0;2020;1;12;1;3;0;5;0;1;1;0;0;0;0;353466,9554;5647916,207;6,913241025;50,96419354;1
201611;5,20012E+18;5;3;15;0;2020;1;2;1;3;5;3;2;0;1;0;0;0;0;355471,762;5641349,372;6,944375805;50,90568514;1
201612;5,20012E+18;5;3;15;0;2020;1;20;1;3;0;7;2;0;0;0;0;0;1;356598,2609;5642985,943;6,959743892;50,92067381;0
201629;5,20012E+18;5;3;15;0;2020;1;9;5;3;0;5;0;1;1;0;0;0;0;359515,676;5644842,184;7,000508923;50,93807377;0
201630;5,20012E+18;5;3;15;0;2020;1;12;5;3;5;3;0;1;1;0;0;0;0;356848,2936;5649779,593;6,960627675;50,98178962;0
201632;5,20012E+18;5;3;15;0;2020;1;11;2;3;4;6;0;0;1;0;0;0;0;364642,8969;5640752,613;7,074956703;50,90254493;1
201633;5,20012E+18;5;3;15;0;2020;1;16;5;3;5;2;0;0;1;0;0;0;0;352222,8012;5653546,083;6,89324587;51,0144683;0
201638;5,20012E+18;5;3;15;0;2020;1;8;5;3;3;2;1;1;1;0;0;0;0;351220,008;5651954,509;6,879612663;50,99990735;0
201644;5,20012E+18;5;3;15;0;2020;1;13;5;3;6;7;0;0;1;1;0;0;0;353613,7697;5653461,134;6,913096051;51,01406064;0
201650;5,20012E+18;5;3;15;0;2020;1;7;5;3;5;2;0;1;0;0;0;0;1;350279,482;5648754,142;6,867536977;50,97090398;0
201655;5,20012E+18;5;3;15;0;2020;1;6;5;2;6;2;2;0;1;1;0;0;0;355267,8665;5641783,42;6,941305685;50,90953477;1
201665;5,20012E+18;5;3;15;0;2020;1;6;7;3;2;6;2;0;1;0;0;0;0;359968,4382;5647787,113;7,005816156;50,96465034;1
201666;5,20012E+18;5;3;15;0;2020;1;19;7;3;0;1;2;1;0;0;0;0;0;352511,8288;5644147,671;6,901175162;50,93008373;1
201667;5,20012E+18;5;3;15;0;2020;1;15;7;3;5;2;0;1;1;0;0;0;0;356678,2914;5642504,01;6,96107112;50,91636259;0
201679;5,20012E+18;5;3;15;0;2020;1;16;2;2;6;4;0;0;1;1;0;0;0;351613,6999;5646338,943;6,887511143;50,9495452;0
201735;5,20012E+18;5;3;15;0;2020;1;16;6;3;5;3;0;0;1;0;0;0;0;359555,1764;5644361,62;7,001255977;50,9337645;1
201738;5,20012E+18;5;3;15;0;2020;1;12;6;3;0;6;0;1;0;0;0;0;1;356102,0244;5647639,006;6,950850448;50,96236659;0
201739;5,20012E+18;5;3;15;0;2020;1;16;6;3;5;2;0;0;1;0;1;0;0;356868,7316;5649973,473;6,960842286;50,98353706;1
201740;5,20012E+18;5;3;15;0;2020;1;7;6;3;6;4;1;1;0;1;0;0;0;352469,868;5654777,354;6,896264699;51,02559643;1
201741;5,20012E+18;5;3;15;0;2020;1;19;6;3;3;7;2;0;1;0;1;0;0;354025,9775;5646681,095;6,921691786;50,95323595;1
201744;5,20012E+18;5;3;15;0;2020;1;17;6;3;1;5;2;0;1;0;0;0;1;351716,516;5646048,243;6,889092188;50,9469593;1
201747;5,20012E+18;5;3;15;0;2020;1;23;6;3;0;5;2;1;1;0;0;0;0;355998,2673;5645315,281;6,95029304;50,94145778;0
201784;5,20012E+18;5;3;15;0;2020;1;23;2;3;0;1;2;0;0;0;0;0;1;353534,36;5647405,337;6,914405885;50,9596197;0
201834;5,20012E+18;5;3;15;0;2020;1;18;2;3;5;3;2;1;1;0;0;0;0;356260,6063;5641900,441;6,955370848;50,91083449;1
201863;5,20012E+18;5;3;15;0;2020;1;11;3;3;4;6;0;1;1;0;0;0;0;355762,4762;5647133,697;6,946218787;50,95774059;0
201865;5,20012E+18;5;3;15;0;2020;1;9;3;3;4;7;0;0;1;0;1;0;0;353596,2858;5645633,106;6,915999708;50,94370908;0
201873;5,20012E+18;5;3;15;0;2020;1;8;3;3;5;3;0;1;1;0;0;0;0;355268,4783;5642802,497;6,940910132;50,91869319;0
201875;5,20012E+18;5;3;15;0;2020;1;18;3;3;0;5;2;1;1;0;0;0;0;354113,4914;5642708,373;6,9245273;50,91755648;0
201880;5,20013E+18;5;3;15;0;2020;1;11;7;3;0;1;0;1;0;0;0;0;0;356233,1667;5642871,558;6,954598116;50,91955499;0
201881;5,20012E+18;5;3;15;0;2020;1;9;3;3;6;4;0;0;1;1;0;0;0;356650,4199;5645584,511;6,959463457;50,94403983;0
201890;5,20012E+18;5;3;15;0;2020;1;15;6;3;0;3;0;0;1;0;1;0;0;352472,564;5654126,493;6,896567922;51,01974822;0
201901;5,20012E+18;5;3;15;0;2020;1;8;4;3;1;6;0;0;1;0;0;0;0;359999,4206;5648083,161;7,006143153;50,96731849;1
201916;5,20012E+18;5;3;15;0;2020;1;15;5;3;5;3;0;1;1;0;0;0;0;358983,1876;5639881,562;6,994852529;50,89336213;0
201927;5,20012E+18;5;3;15;0;2020;1;20;6;3;1;6;2;0;1;0;0;0;0;362342,7558;5648506,207;7,039335211;50,97168527;0
201937;5,20012E+18;5;3;15;0;2020;1;8;4;2;0;1;0;1;0;0;0;0;0;364892,1576;5648485,04;7,075632327;50,97209872;2
201938;5,20012E+18;5;3;15;0;2020;1;9;6;3;1;5;0;0;1;0;0;0;1;356462,4545;5643853,734;6,95747141;50,92843878;0
201954;5,20012E+18;5;3;15;0;2020;1;9;5;2;5;3;0;0;1;0;0;0;0;359609,2973;5646190,159;7,001320979;50,95021097;1
201987;5,20013E+18;5;3;15;0;2020;1;18;7;3;0;7;2;1;0;0;0;0;0;355006,4331;5641109,608;6,93785724;50,90341375;1
201992;5,20012E+18;5;3;15;0;2020;1;7;4;3;5;3;2;1;1;0;0;0;0;354332,8136;5644040,054;6,927113376;50,92957935;1
201996;5,20012E+18;5;3;15;0;2020;1;19;6;3;5;2;2;1;1;0;0;0;0;360872,4661;5647710,015;7,018711606;50,96417648;0
202008;5,20012E+18;5;3;15;0;2020;1;8;5;3;5;3;1;0;1;0;0;0;0;349694,219;5644275,654;6,861056092;50,93050652;0
202047;5,20012E+18;5;3;15;0;2020;1;17;6;3;1;5;2;1;0;0;0;0;1;355311,4574;5643109,843;6,941399248;50,92146603;0
202057;5,20012E+18;5;3;15;0;2020;1;17;4;3;0;1;1;0;0;0;1;0;0;354173,0078;5640062,049;6,926430606;50,89378968;1
202072;5,20012E+18;5;3;15;0;2020;1;8;5;3;5;2;0;1;1;0;0;0;0;356750,5273;5645107,005;6,961075265;50,93977342;0
202093;5,20012E+18;5;3;15;0;2020;1;8;4;1;0;6;0;0;0;1;0;0;1;354241,3052;5646530,012;6,924815857;50,95193271;2
202097;5,20012E+18;5;3;15;0;2020;1;7;6;3;0;3;0;0;1;0;0;0;1;357653,3672;5643873,4;6,97439896;50,92891063;0
202109;5,20012E+18;5;3;15;0;2020;1;8;5;2;3;2;0;1;1;0;0;0;0;357796,0021;5647674,252;6,974943203;50,96310394;0
202116;5,20013E+18;5;3;15;0;2020;1;10;4;3;6;4;0;0;1;1;0;0;0;365171,872;5639865,994;7,082802612;50,89470011;0
202118;5,20013E+18;5;3;15;0;2020;1;5;4;3;6;2;2;0;1;1;0;0;0;359177,668;5643983,714;6,996032975;50,93027617;0
202120;5,20013E+18;5;3;15;0;2020;1;3;4;2;1;7;2;0;1;0;1;0;0;360327,3414;5646929,888;7,011253024;50,95703347;0
202122;5,20013E+18;5;3;15;0;2020;1;14;4;3;3;2;0;0;1;0;0;0;1;354469,0114;5651285,708;6,926152131;50,99472803;1
202124;5,20013E+18;5;3;15;0;2020;1;21;4;3;1;5;2;0;1;0;0;0;0;351781,5661;5648502,868;6,889017889;50,96903441;0
202125;5,20013E+18;5;3;15;0;2020;1;15;4;3;0;2;0;1;0;0;1;0;0;354342,927;5643351,441;6,927532293;50,92339352;0
202212;5,20013E+18;5;3;15;0;2020;1;7;3;3;0;4;2;0;0;1;0;0;1;363728,0675;5643709,233;7,060849564;50,9289023;1
202215;5,20013E+18;5;3;15;0;2020;1;21;3;3;5;3;2;0;1;0;0;0;0;354764,8022;5646904,15;6,93211448;50,95542713;0
202217;5,20013E+18;5;3;15;0;2020;1;5;3;3;5;3;2;0;1;0;0;0;0;356233,329;5644234,44;6,954063042;50,93180308;1
202219;5,20013E+18;5;3;15;0;2020;1;14;3;3;7;7;0;1;0;0;0;0;1;356440,9951;5645804,78;6,956397564;50,94596725;0
202251;5,20013E+18;5;3;15;0;2020;1;21;1;3;0;3;2;0;1;0;0;0;0;356620,0547;5647489,611;6,958281203;50,96115314;1
202256;5,20013E+18;5;3;15;0;2020;1;9;1;2;0;1;0;1;0;0;0;0;0;354196,856;5646580,957;6,92416307;50,9523793;1
202269;5,20013E+18;5;3;15;0;2020;1;23;1;3;0;2;2;0;0;0;1;0;0;352803,5671;5647656,125;6,903905759;50,9616872;1
202273;5,20013E+18;5;3;15;0;2020;1;17;1;3;6;4;2;0;1;1;0;0;0;356521,401;5643870,196;6,958303166;50,92860139;0
202334;5,20013E+18;5;3;15;0;2020;1;7;2;3;2;6;1;0;1;0;0;0;0;360792,5557;5647729,663;7,017566827;50,96433375;0
202335;5,20013E+18;5;3;15;0;2020;1;22;2;3;0;1;2;1;0;0;0;0;0;356309,5041;5647254,315;6,953954909;50,95896123;1
202338;5,20013E+18;5;3;15;0;2020;1;15;2;3;0;7;0;0;0;1;0;0;1;355367,4681;5648131,021;6,940201759;50,96660428;1
202340;5,20013E+18;5;3;15;0;2020;1;8;2;3;0;6;0;1;0;0;0;0;0;350304,6842;5644451,454;6,869664756;50,93224508;0
202341;5,20013E+18;5;3;15;0;2020;1;11;2;3;3;5;0;0;1;0;1;0;0;355542,9718;5641096,005;6,945488186;50,90342599;1
202343;5,20013E+18;5;3;15;0;2020;1;8;2;2;6;2;0;0;1;1;0;0;0;356167,016;5645467,217;6,95263336;50,94286533;1
202372;5,20013E+18;5;3;15;0;2020;1;19;6;3;5;2;2;1;1;0;0;0;0;359610,8846;5646116,583;7,00137193;50,94955013;0
202380;5,2002E+18;5;3;15;0;2020;2;23;7;3;6;6;2;1;0;1;0;0;0;355494,6065;5645879,925;6,942904897;50,94640611;0
202397;5,20013E+18;5;3;15;0;2020;1;10;6;3;2;6;0;0;1;0;0;1;0;357996,4386;5648531,547;6,977460944;50,97085784;0
202405;5,2002E+18;5;3;15;0;2020;2;17;2;3;5;2;2;0;1;0;0;0;0;354262,3708;5640288,665;6,927609984;50,89584879;1
202410;5,20013E+18;5;3;15;0;2020;1;15;6;3;2;2;0;0;1;0;0;0;0;349163,073;5645601,956;6,852954217;50,9422864;0
202416;5,2002E+18;5;3;15;0;2020;2;17;2;3;3;6;2;0;1;0;0;0;0;356224,4969;5644290,519;6,953915318;50,93230485;1
202420;5,20013E+18;5;3;15;0;2020;1;10;6;3;3;7;0;0;1;0;0;0;1;353416,0581;5647987,478;6,912488001;50,96482108;0
202438;5,2002E+18;5;3;15;0;2020;2;20;1;3;5;2;2;1;1;0;0;0;0;354879,283;5644801,341;6,934581256;50,93655859;1
202452;5,2002E+18;5;3;15;0;2020;2;17;2;3;2;6;2;0;1;0;0;0;0;353304,2924;5641601,988;6,913468063;50,90740864;1
202456;5,20013E+18;5;3;15;0;2020;1;13;6;3;1;5;0;1;1;0;0;0;0;358291,5453;5640018,557;6,98497126;50,89442403;0
202460;5,20013E+18;5;3;15;0;2020;1;20;6;3;1;5;2;1;1;0;0;0;0;356607,882;5642917,591;6,959907557;50,92006192;0
202468;5,20013E+18;5;3;15;0;2020;1;8;6;3;0;1;0;1;0;0;0;0;0;355418,4451;5644292,219;6,942451519;50,93211863;1
202482;5,2002E+18;5;3;15;0;2020;2;15;7;3;2;2;0;0;1;0;0;0;0;355199,3836;5643152,734;6,939788756;50,92182337;1
202505;5,2002E+18;5;3;15;0;2020;2;7;2;3;1;5;0;0;1;0;0;0;0;355702,503;5643951,845;6,946625927;50,92913089;0
202509;5,2002E+18;5;3;15;0;2020;2;7;2;3;1;5;0;1;1;0;0;0;0;353017,5901;5646161,585;6,907554776;50,94831106;0
202528;5,20013E+18;5;3;15;0;2020;1;19;5;3;3;6;2;0;1;0;1;0;0;361314,0757;5645061,156;7,026005558;50,94047705;1
202529;5,20013E+18;5;3;15;0;2020;1;19;5;3;5;2;2;1;1;0;0;0;0;359110,5336;5645209,384;6,994604363;50,94127498;1
202531;5,20013E+18;5;3;15;0;2020;1;21;5;3;5;3;2;0;1;0;0;0;1;363307,908;5641898,963;7,055552848;50,9125332;1
202536;5,20013E+18;5;3;15;0;2020;1;5;5;3;5;2;2;0;1;0;0;0;0;359866,3769;5646346,34;7,004918417;50,95167714;0
202542;5,20013E+18;5;3;15;0;2020;1;18;5;3;0;1;2;1;0;0;0;0;0;352336,1919;5645962,946;6,897941884;50,94635184;1
202543;5,2002E+18;5;3;15;0;2020;2;0;1;3;1;6;2;0;1;0;0;0;0;354022,7479;5639649,374;6,924460401;50,89004311;0
202544;5,20013E+18;5;3;15;0;2020;1;19;5;3;5;3;2;1;1;0;0;0;0;355802,354;5642601,108;6,948579957;50,91701699;1
202549;5,20013E+18;5;3;15;0;2020;1;13;5;3;6;7;0;1;0;1;0;0;0;354777,7543;5645186,747;6,932983649;50,93999657;0
202557;5,2002E+18;5;3;15;0;2020;2;18;2;3;0;7;2;0;1;0;0;0;0;359675,764;5638873,721;7,005081087;50,88447312;1
202558;5,20013E+18;5;3;15;0;2020;1;16;6;3;6;7;0;0;1;1;0;0;0;365031,7283;5638377,654;7,081360786;50,88129074;0
202584;5,2002E+18;5;3;15;0;2020;2;19;7;3;6;7;2;0;0;1;0;0;1;366075,5205;5637604,848;7,096473101;50,87458785;0
202604;5,2002E+18;5;3;15;0;2020;2;18;2;3;5;3;2;0;1;0;0;0;0;356230,4131;5645678,883;6,953451612;50,94478335;1
202606;5,2002E+18;5;3;15;0;2020;2;18;2;3;6;2;2;0;1;1;0;0;0;351062,425;5652128,608;6,877297045;51,00143109;1
202613;5,20013E+18;5;3;15;0;2020;1;12;6;3;5;3;0;1;1;0;0;0;0;360024,312;5645612,231;7,007447676;50,94511799;0
202616;5,20013E+18;5;3;15;0;2020;1;21;6;3;5;3;2;0;1;0;0;0;0;359507,202;5647153,117;6,999496781;50,95884028;0
202621;5,20021E+18;5;3;15;0;2020;2;14;6;3;2;6;0;0;1;0;0;0;0;352165,0782;5643171,373;6,896640133;50,92122141;0
202622;5,20021E+18;5;3;15;0;2020;2;16;5;3;0;1;2;1;0;0;0;0;0;352554,8585;5647802,725;6,900307255;50,96294103;0
202624;5,20021E+18;5;3;15;0;2020;2;8;5;3;1;3;0;1;1;0;0;0;0;352134,5593;5650815,537;6,893100958;50,98990782;0
202625;5,20021E+18;5;3;15;0;2020;2;14;7;2;3;7;0;0;0;0;1;0;1;354852,5086;5646105,086;6,933680961;50,94826826;0
202626;5,20021E+18;5;3;15;0;2020;2;11;5;3;5;5;0;0;1;0;0;0;0;351933,2974;5649179,858;6,89090169;50,97515717;0
202627;5,20021E+18;5;3;15;0;2020;2;7;5;3;1;5;2;1;1;0;0;0;0;358282,521;5640015,418;6,984844241;50,89439361;0
202630;5,20021E+18;5;3;15;0;2020;2;9;5;3;0;4;0;0;1;1;0;0;0;359166,0551;5639026,059;6,997780826;50,88571819;0
202632;5,20021E+18;5;3;15;0;2020;2;8;5;3;5;2;1;1;1;0;0;0;0;357010,9611;5642019,87;6,965990306;50,91209416;0
202633;5,20021E+18;5;3;15;0;2020;2;17;5;3;6;7;0;0;1;1;0;0;0;355719,4028;5644342,07;6,946711788;50,932642;0
202729;5,20021E+18;5;3;15;0;2020;2;17;7;3;0;2;0;0;0;0;0;0;1;359875,4353;5643632,986;7,006090895;50,92729406;0
202747;5,20021E+18;5;3;15;0;2020;2;17;4;3;3;6;0;1;1;0;0;0;0;366562,3983;5636492,011;7,103795224;50,86469854;0
202748;5,20021E+18;5;3;15;0;2020;2;14;4;3;6;4;0;0;1;1;0;0;0;362902,489;5647552,022;7,047662224;50,96324321;0
202751;5,20021E+18;5;3;15;0;2020;2;18;4;3;3;7;2;0;1;0;0;0;0;354208,4583;5649665,425;6,923091957;50,98010124;0
202752;5,20021E+18;5;3;15;0;2020;2;15;4;3;7;1;0;0;0;0;1;0;0;353425,979;5653363,751;6,910460127;51,01313768;0
202754;5,20021E+18;5;3;15;0;2020;2;22;4;2;5;3;2;0;1;0;1;0;0;351917,509;5646817,973;6,891638323;50,95392813;0
202756;5,20021E+18;5;3;15;0;2020;2;11;4;3;0;7;0;1;0;0;0;0;0;353753,5227;5642185,942;6,919619184;50,91277045;0
202759;5,20021E+18;5;3;15;0;2020;2;17;4;3;0;3;1;1;1;0;0;0;0;353396,4327;5644523,446;6,913603391;50,9336862;0
202760;5,20021E+18;5;3;15;0;2020;2;10;4;3;0;7;0;1;0;0;0;0;0;355729,8548;5644017,262;6,946988991;50,92972562;0
202817;5,20021E+18;5;3;15;0;2020;2;18;6;2;6;7;2;0;1;1;0;0;0;364357,1945;5641360,65;7,070669973;50,90794264;0
202822;5,20021E+18;5;3;15;0;2020;2;7;6;2;5;3;2;0;1;0;0;0;1;357582,395;5647013,523;6,972161955;50,95711325;0
202830;5,20021E+18;5;3;15;0;2020;2;17;6;3;0;7;1;1;0;0;0;0;1;355555,5171;5641250,195;6,945605478;50,90481481;0
202853;5,2002E+18;5;3;15;0;2020;2;18;3;3;6;4;2;0;1;1;0;0;0;363727,9966;5643709,052;7,060848623;50,92890066;1
202855;5,2002E+18;5;3;15;0;2020;2;7;3;3;4;2;0;1;1;0;0;0;0;365603,2752;5642292,615;7,088039873;50,91661026;0
202856;5,2002E+18;5;3;15;0;2020;2;9;3;3;1;5;0;1;1;0;0;0;0;357611,0172;5647853,449;6,972240555;50,96466868;0
202858;5,2002E+18;5;3;15;0;2020;2;16;3;3;5;7;1;0;1;0;0;0;0;357089,753;5648932,57;6,964398221;50,97423753;1
202859;5,2002E+18;5;3;15;0;2020;2;21;3;3;0;1;2;1;0;0;0;0;0;354183,0162;5646579,507;6,923966748;50,95236276;1
202862;5,2002E+18;5;3;15;0;2020;2;13;3;2;0;1;0;1;1;1;0;0;0;353407,6623;5647998,995;6,91236388;50,96492244;1
202863;5,2002E+18;5;3;15;0;2020;2;14;3;2;2;6;0;0;1;0;0;0;0;353888,7939;5638937,181;6,92284191;50,88360893;1
202864;5,2002E+18;5;3;15;0;2020;2;7;3;3;5;3;0;1;1;0;0;0;0;354486,2341;5642389,825;6,929953526;50,91478788;0
202865;5,2002E+18;5;3;15;0;2020;2;21;3;3;0;1;2;0;1;0;0;0;0;355967,1466;5640479,593;6,951759956;50,89799233;1
202866;5,2002E+18;5;3;15;0;2020;2;18;3;2;0;1;2;1;0;0;0;0;0;354799,534;5643783,414;6,933852538;50,92739065;1
202867;5,20021E+18;5;3;15;0;2020;2;14;5;3;5;3;0;1;0;0;0;0;0;358420,1553;5651452,102;6,98235404;50,99720901;0
202868;5,2002E+18;5;3;15;0;2020;2;9;3;3;5;3;0;1;1;0;0;0;0;354527,9982;5644205,009;6,92982314;50,93111101;1
202869;5,20021E+18;5;3;15;0;2020;2;0;6;3;3;1;2;0;1;0;0;0;1;355182,3734;5643731,486;6,939317051;50,92702022;1
202870;5,2002E+18;5;3;15;0;2020;2;16;3;3;6;4;1;1;0;1;0;0;0;356449,0763;5645879,667;6,956483006;50,94664226;1
202877;5,20021E+18;5;3;15;0;2020;2;9;5;3;0;1;0;1;0;0;0;0;0;349534,2804;5659156,213;6,852615904;51,06418452;0
202890;5,20021E+18;5;3;15;0;2020;2;18;5;3;6;4;2;0;1;1;0;0;0;362820,2207;5644190,889;7,047757617;50,93301595;1
202898;5,20021E+18;5;3;15;0;2020;2;18;4;3;6;7;1;1;0;1;0;0;0;354526,7262;5642365,186;6,93053898;50,91457667;1
202905;5,20021E+18;5;3;15;0;2020;2;12;6;3;1;5;0;1;1;0;0;0;0;355826,9779;5647222,285;6,947101495;50,95855285;0
202929;5,20021E+18;5;3;15;0;2020;2;13;2;3;3;6;0;0;1;0;0;0;0;364824,869;5639758,434;7,077911149;50,89365229;1
202934;5,20021E+18;5;3;15;0;2020;2;15;2;2;0;7;0;1;1;0;0;0;0;353059,3325;5650878,986;6,906242722;50,99071482;0
202936;5,20021E+18;5;3;15;0;2020;2;12;2;3;5;2;0;0;1;0;1;0;0;356019,9164;5645737,327;6,950434153;50,94525605;1
202939;5,20021E+18;5;3;15;0;2020;2;6;5;2;6;4;2;0;1;1;0;0;0;360523,1237;5649361,448;7,013106493;50,97893366;0
202954;5,20021E+18;5;3;15;0;2020;2;15;6;3;0;7;0;1;1;0;0;0;0;354806,4283;5646227,995;6,93297641;50,9493612;0
202992;5,20021E+18;5;3;15;0;2020;2;12;5;3;6;7;0;0;1;1;0;0;0;365001,6778;5638526,188;7,080879001;50,88261869;1
202993;5,20021E+18;5;3;15;0;2020;2;2;3;3;8;1;2;0;1;0;0;0;0;363597,276;5639842,077;7,060435104;50,89411542;1
203000;5,20021E+18;5;3;15;0;2020;2;17;4;2;0;4;0;0;0;1;0;0;1;353922,5795;5646745,392;6,920194891;50,95378757;1
203004;5,20021E+18;5;3;15;0;2020;2;22;5;2;0;1;2;0;0;0;0;0;1;356472,1767;5646074,415;6,956734871;50,94839818;1
203005;5,20021E+18;5;3;15;0;2020;2;17;3;3;5;2;0;0;1;1;0;0;0;364381,095;5638413,778;7,072103898;50,88146306;1
203008;5,20021E+18;5;3;15;0;2020;2;7;6;3;5;3;1;1;1;0;0;0;0;364985,848;5635569,107;7,081745597;50,85603776;1
203025;5,20021E+18;5;3;15;0;2020;2;8;3;3;0;5;0;0;1;0;0;0;1;350474,2519;5646180,117;6,871366633;50,94782349;1
203027;5,20021E+18;5;3;15;0;2020;2;23;3;3;5;3;2;0;1;0;1;0;0;352913,971;5642929,965;6,907384937;50,91924336;0
203042;5,20021E+18;5;3;15;0;2020;2;17;5;3;5;3;1;0;1;0;0;0;0;360792,4953;5647729,536;7,017566016;50,9643326;1
203043;5,20021E+18;5;3;15;0;2020;2;14;3;3;6;4;0;0;1;1;0;0;0;356442,3833;5643993,416;6,957130986;50,9296891;0
203050;5,20021E+18;5;3;15;0;2020;2;9;4;3;5;1;0;0;1;0;1;0;0;356003,439;5643086,555;6,951247079;50,92142985;1
203053;5,20021E+18;5;3;15;0;2020;2;0;1;3;5;2;2;0;1;0;0;0;0;363803,582;5641069,42;7,062909075;50,90519487;0
203057;5,20021E+18;5;3;15;0;2020;2;7;6;3;5;3;1;0;0;0;1;0;1;351729,2984;5647973,628;6,888489732;50,96426498;1
203059;5,20021E+18;5;3;15;0;2020;2;4;1;2;1;5;2;0;1;0;0;0;1;355161,9656;5645176,255;6,93845269;50,93999892;0
203087;5,20021E+18;5;3;15;0;2020;2;17;4;3;1;3;0;0;1;0;0;0;1;352281,22;5647151,682;6,896677587;50,95702035;1
203096;5,20021E+18;5;3;15;0;2020;2;16;5;2;6;4;0;0;1;1;0;0;0;366557,793;5634829,434;7,104335936;50,84975459;0
203106;5,20021E+18;5;3;15;0;2020;2;4;5;3;0;3;2;0;1;0;0;1;0;353993,1263;5639351,006;6,924158756;50,88735426;0
203120;5,20021E+18;5;3;15;0;2020;2;11;6;3;0;5;0;1;1;0;0;0;0;355059,0383;5642036,868;6,938236667;50,91176007;0
203135;5,20022E+18;5;3;15;0;2020;2;10;4;3;6;7;0;0;1;1;0;0;0;357907,9516;5647821,077;6,976479014;50,96445106;0
203137;5,20022E+18;5;3;15;0;2020;2;11;4;2;6;7;0;0;1;1;0;0;0;353006,0271;5651567,374;6,905205114;50,99688741;1
203139;5,20022E+18;5;3;15;0;2020;2;16;4;3;0;1;0;1;0;0;0;0;0;355879,6457;5643129,369;6,94947006;50,92178371;0
203171;5,20022E+18;5;3;15;0;2020;2;18;1;3;5;2;2;1;1;0;0;0;0;356678,7178;5642503,938;6,96107721;50,91636204;0
203229;5,20022E+18;5;3;15;0;2020;2;7;3;3;0;7;0;1;1;0;0;0;0;353168,6868;5653124,087;6,90689181;51,01091832;0
203231;5,20022E+18;5;3;15;0;2020;2;17;3;3;0;1;0;1;0;0;0;0;0;349279,9036;5660923,024;6,848251817;51,07999443;0
203234;5,20022E+18;5;3;15;0;2020;2;15;3;3;2;6;0;0;1;0;0;0;0;350614,9509;5652674,213;6,870699681;51,00621804;0
203235;5,20022E+18;5;3;15;0;2020;2;15;3;3;5;1;0;0;1;0;1;0;0;351509,2597;5649635,817;6,884679755;50,97914542;1
203264;5,20022E+18;5;3;15;0;2020;2;10;7;2;2;6;0;0;1;0;0;0;0;356765,865;5648939,68;6,959785112;50,97422096;0
203268;5,20022E+18;5;3;15;0;2020;2;17;7;3;5;3;2;1;1;0;0;0;0;353582,3583;5651623,003;6,913390078;50,99753425;0
203274;5,20022E+18;5;3;15;0;2020;2;1;7;3;0;1;2;1;0;0;0;0;0;349790,8479;5645416,447;6,861959927;50,94078324;0
203285;5,20022E+18;5;3;15;0;2020;2;10;7;3;4;2;0;0;1;0;0;0;0;353025,5755;5645826,068;6,907803782;50,94529794;0
203307;5,20022E+18;5;3;15;0;2020;2;15;2;2;6;1;0;0;1;1;0;0;0;358795,2211;5641420,088;6,99158658;50,90714313;0
203309;5,20022E+18;5;3;15;0;2020;2;19;2;3;0;2;2;0;1;0;1;0;0;359887,4142;5646235,722;7,005260301;50,95068812;1
203310;5,20022E+18;5;3;15;0;2020;2;15;2;3;0;3;0;0;1;0;0;0;0;362574,861;5650302,511;7,0419599;50,98788458;0
203311;5,20022E+18;5;3;15;0;2020;2;16;2;3;2;2;0;0;1;0;0;0;0;359330,2155;5647407,421;6,996879979;50,96108255;1
203313;5,20022E+18;5;3;15;0;2020;2;14;2;3;2;1;0;0;1;0;0;0;0;352782,3858;5645872,939;6,90432548;50,9456571;0
203314;5,20022E+18;5;3;15;0;2020;2;16;2;3;5;2;0;0;1;1;0;0;0;359006,7788;5639547,453;6,995316707;50,8903652;0
203315;5,20022E+18;5;3;15;0;2020;2;10;2;3;0;5;0;1;1;0;0;0;0;356175,1274;5645041,524;6,952916806;50,93904172;0