OBJECTID;UIDENTSTLAE;ULAND;UREGBEZ;UKREIS;UGEMEINDE;UJAHR;UMONAT;USTUNDE;UWOCHENTAG;UKATEGORIE;UART;UTYP1;ULICHTVERH;IstRad;IstPKW;IstFuss;IstKrad;IstGkfz;IstSonstige;LINREFX;LINREFY;XGCSWGS84;YGCSWGS84;STRZUSTAND
205227;5,20041E+18;5;3;15;0;2020;4;16;1;3;0;1;0;1;0;0;0;0;0;359952,912;5645966,305;7,006295793;50,94828276;0
205229;5,20041E+18;5;3;15;0;2020;4;13;1;3;2;6;0;0;1;0;1;0;0;355642,3857;5640783,302;6,947024748;50,90064063;0
205263;5,20041E+18;5;3;15;0;2020;4;7;3;3;0;1;0;1;0;0;0;0;0;349147,699;5645829,852;6,852641163;50,94433031;0
205301;5,20041E+18;5;3;15;0;2020;4;14;7;3;5;3;0;1;0;0;0;0;0;359271,426;5634075,61;7,00118185;50,84125305;0
205303;5,20041E+18;5;3;15;0;2020;4;12;7;3;0;7;0;0;1;0;1;0;0;364370,1614;5639608,7;7,071505052;50,89219995;0
205304;5,20041E+18;5;3;15;0;2020;4;14;7;3;5;2;0;1;1;0;0;0;0;354769,2863;5641451,853;6,934350647;50,90642983;0
205306;5,20041E+18;5;3;15;0;2020;4;11;7;3;5;3;0;1;1;0;0;0;0;359478,138;5639550,212;7,002013208;50,89050485;0
205313;5,20041E+18;5;3;15;0;2020;4;10;3;3;4;6;0;1;0;0;0;0;0;354761,611;5646620,111;6,932182401;50,95287375;0
205357;5,20041E+18;5;3;15;0;2020;4;12;2;2;0;1;0;1;0;0;0;0;0;353836,9252;5657792,076;6,914528269;51,05303737;0
205359;5,20041E+18;5;3;15;0;2020;4;18;2;2;8;7;0;1;0;0;0;0;0;350487,328;5646148,643;6,871565568;50,94754404;0
205368;5,20041E+18;5;3;15;0;2020;4;20;3;3;4;6;0;0;1;0;0;0;0;361288,6093;5651701,714;7,023110547;51,00015092;0
205376;5,20041E+18;5;3;15;0;2020;4;17;2;3;6;2;0;0;0;1;0;0;1;353548,312;5647435,889;6,914592118;50,95989781;0
205377;5,20041E+18;5;3;15;0;2020;4;10;4;3;5;3;0;1;1;0;0;0;0;355595,9136;5648374,811;6,943356161;50,96885246;0
205379;5,20041E+18;5;3;15;0;2020;4;19;6;3;6;4;0;0;1;1;0;0;0;357560,8917;5645308,726;6,972522878;50,94178703;0
205380;5,20041E+18;5;3;15;0;2020;4;16;6;2;0;1;0;1;0;0;0;0;0;355295,5071;5644187,042;6,940744944;50,93114261;0
205383;5,20041E+18;5;3;15;0;2020;4;9;4;3;4;6;0;0;1;0;1;0;0;351617,1734;5652656,664;6,884981856;51,00631973;0
205385;5,20041E+18;5;3;15;0;2020;4;16;4;3;5;3;0;1;0;0;0;0;0;350087,5008;5658867,641;6,860624911;51,0617361;0
205391;5,20041E+18;5;3;15;0;2020;4;12;4;3;0;7;0;1;0;0;0;0;0;355043,4929;5643969,769;6,937247474;50,92912674;0
205418;5,20041E+18;5;3;15;0;2020;4;15;3;2;0;1;0;1;0;0;0;0;0;351937,5037;5649304,623;6,890910754;50,97627945;0
205438;5,20041E+18;5;3;15;0;2020;4;15;5;3;5;3;0;1;1;0;0;0;0;358668,7849;5641563,313;6,989733948;50,90839937;0
205439;5,20041E+18;5;3;15;0;2020;4;6;5;3;7;1;0;0;0;0;0;0;1;352084,1158;5653780,428;6,891174607;51,01653856;0
205440;5,20041E+18;5;3;15;0;2020;4;8;5;2;0;1;0;1;0;0;0;0;0;352531,398;5652740,618;6,897969499;51,00730926;0
205442;5,20041E+18;5;3;15;0;2020;4;12;5;3;6;4;0;0;1;1;0;0;0;351435,1501;5645969,437;6,885121832;50,94617867;0
205444;5,20041E+18;5;3;15;0;2020;4;9;5;3;2;2;0;0;1;0;1;0;0;353754,8651;5645528,279;6,918297517;50,94280728;0
205446;5,20041E+18;5;3;15;0;2020;4;13;5;3;1;3;0;1;1;0;0;0;0;355260,5615;5642339,101;6,940981434;50,91452675;0
205447;5,20041E+18;5;3;15;0;2020;4;11;5;3;0;1;0;0;0;0;1;0;0;357032,4919;5639946,239;6,967108398;50,89346381;0
205448;5,20041E+18;5;3;15;0;2020;4;15;5;1;6;2;0;0;0;1;0;1;0;355255,4401;5642288,735;6,94092861;50,91407284;0
205475;5,20042E+18;5;3;15;0;2020;4;19;7;3;0;1;0;0;1;0;1;0;0;353414,9002;5652966,009;6,910462988;51,00956055;0
205479;5,20042E+18;5;3;15;0;2020;4;19;1;3;5;6;0;0;1;0;0;0;0;364627,7893;5649921,814;7,071334096;50,98494956;0
205489;5,20042E+18;5;3;15;0;2020;4;10;4;3;1;2;0;1;1;0;0;0;0;356754,17;5648829,643;6,959661991;50,97322917;0
205493;5,20042E+18;5;3;15;0;2020;4;20;4;3;5;3;2;0;1;0;0;0;0;352485,4436;5646635,332;6,899792621;50,95243246;0
205494;5,20042E+18;5;3;15;0;2020;4;14;4;3;0;5;0;0;1;0;0;0;0;352648,5644;5648301,698;6,901438613;50,96744903;0
205497;5,20042E+18;5;3;15;0;2020;4;14;4;3;3;6;0;1;1;0;0;0;0;355566,6897;5641459,201;6,945681575;50,90669591;0
205502;5,20042E+18;5;3;15;0;2020;4;18;4;3;0;1;0;1;1;0;0;0;0;353212,959;5642872,848;6,911658646;50,91880621;0
205508;5,20042E+18;5;3;15;0;2020;4;10;4;3;0;7;0;1;0;1;0;0;0;352855,6409;5641476,715;6,907141695;50,90616867;0
205509;5,20042E+18;5;3;15;0;2020;4;15;5;3;1;6;0;0;1;0;0;0;1;356585,334;5641545,431;6,960126329;50,90772481;0
205512;5,20042E+18;5;3;15;0;2020;4;14;6;3;5;5;0;1;0;0;0;0;1;355506,52;5642298,415;6,944494068;50,91422274;0
205513;5,20042E+18;5;3;15;0;2020;4;18;4;3;1;5;0;1;1;0;0;0;0;355473,9418;5643422,748;6,943585442;50,92431878;0
205529;5,20042E+18;5;3;15;0;2020;4;18;1;3;0;7;0;1;0;0;0;0;0;353030,3072;5645911,346;6,907836677;50,94606551;0
205538;5,20042E+18;5;3;15;0;2020;4;20;7;3;0;1;2;1;0;0;0;0;0;351568,5836;5647507,316;6,886392896;50,96003311;0
205546;5,20042E+18;5;3;15;0;2020;4;6;5;3;4;2;1;0;1;0;0;0;0;359541,6817;5644534,557;7,000997398;50,93531543;0
205549;5,20042E+18;5;3;15;0;2020;4;13;6;3;2;6;0;0;1;0;0;0;0;362751,8655;5642644,814;7,047367435;50,91910451;0
205558;5,20042E+18;5;3;15;0;2020;4;13;5;3;5;2;0;1;1;0;0;0;0;352979,0729;5643124,246;6,908232178;50,92100588;0
205562;5,20042E+18;5;3;15;0;2020;4;15;6;3;3;1;0;1;1;0;0;0;0;359953,851;5639688,563;7,008719646;50,89186378;0
205580;5,20042E+18;5;3;15;0;2020;4;13;7;3;0;1;0;1;0;0;0;0;0;361526,6034;5645293,158;7,028940477;50,9426132;0
205601;5,20042E+18;5;3;15;0;2020;4;19;5;3;5;3;0;1;1;0;0;0;0;351684,5216;5648532,937;6,887624489;50,96927964;0
205615;5,20042E+18;5;3;15;0;2020;4;11;5;3;5;2;0;0;1;0;1;0;0;355825,734;5643411,748;6,948591895;50,92430794;0
205619;5,20042E+18;5;3;15;0;2020;4;15;6;3;4;5;0;0;1;0;0;0;0;351859,0291;5652066,949;6,888667376;51,00108265;0
205631;5,20042E+18;5;3;15;0;2020;4;13;7;3;0;1;0;1;0;0;0;0;0;352480,6464;5642778,129;6,901285783;50,91776826;0
205638;5,20042E+18;5;3;15;0;2020;4;11;1;3;0;1;0;0;0;0;1;0;0;362367,5265;5648617,072;7,039645841;50,97268756;0
205654;5,20042E+18;5;3;15;0;2020;4;17;5;3;1;5;0;1;1;0;0;0;0;361094,1705;5644314,675;7,023162087;50,93371532;0
205658;5,20042E+18;5;3;15;0;2020;4;14;6;3;6;4;0;0;1;1;0;0;0;364475,9406;5639324,252;7,073113716;50,88966828;0
205667;5,20042E+18;5;3;15;0;2020;4;14;5;3;2;6;0;0;1;0;0;0;0;355266,3575;5641740,344;6,941301318;50,90914728;0
205670;5,20042E+18;5;3;15;0;2020;4;12;6;3;5;2;0;1;1;0;0;0;0;354801,8169;5641467,136;6,934806937;50,90657535;0
205687;5,20042E+18;5;3;15;0;2020;4;9;1;3;0;1;0;1;0;0;0;0;0;352388,4845;5646579,653;6,898435754;50,95190728;0
205704;5,20042E+18;5;3;15;0;2020;4;16;5;3;0;1;0;1;0;0;0;0;0;356703,6113;5648390,441;6,9591154;50,96926956;0
205707;5,20042E+18;5;3;15;0;2020;4;21;6;2;8;1;2;0;1;0;0;0;0;358669,9576;5650732,784;6,986191512;50,99080595;0
205716;5,20042E+18;5;3;15;0;2020;4;13;5;3;3;6;0;1;0;0;0;0;0;356909,264;5640858,7;6,964999853;50,90163357;0
205813;5,20042E+18;5;3;15;0;2020;4;14;3;3;3;6;0;1;1;0;0;0;0;359080,9556;5645320,158;6,994140779;50,94226328;0
205815;5,20042E+18;5;3;15;0;2020;4;10;3;3;5;7;0;0;1;0;1;0;0;363355,0144;5648851,443;7,053614235;50,97502908;0
205816;5,20042E+18;5;3;15;0;2020;4;12;3;2;5;3;0;1;1;0;0;0;0;352335,2205;5653283,073;6,894954443;51,01213366;0
205817;5,20042E+18;5;3;15;0;2020;4;9;3;3;4;2;0;1;1;0;0;0;0;348315,6917;5646157,583;6,840670145;50,94705707;0
205818;5,20042E+18;5;3;15;0;2020;4;15;5;3;2;2;0;0;1;0;1;0;0;361032,236;5644383,679;7,022254915;50,93432055;0
205819;5,20042E+18;5;3;15;0;2020;4;12;3;3;2;6;0;0;1;0;1;0;0;356751,8645;5642077,972;6,962284354;50,91255208;0
205824;5,20042E+18;5;3;15;0;2020;4;14;5;3;0;6;0;1;1;0;0;0;0;361299,194;5651994,116;7,023149588;51,00278133;0
205829;5,20042E+18;5;3;15;0;2020;4;15;5;3;1;1;0;0;1;0;0;0;1;352483,5233;5646726,395;6,899728402;50,95325032;0
205839;5,20042E+18;5;3;15;0;2020;4;12;5;2;6;4;0;0;0;1;0;0;1;353587,7877;5648295,921;6,914807738;50,9676366;0
205850;5,20042E+18;5;3;15;0;2020;4;9;5;3;5;2;2;1;1;0;0;0;0;352339,5286;5645926,405;6,898004164;50,94602432;0
205870;5,20042E+18;5;3;15;0;2020;4;16;5;2;0;6;0;1;0;0;0;0;0;361708,698;5637554,554;7,034462981;50,87310745;0
205874;5,20042E+18;5;3;15;0;2020;4;5;5;3;0;2;1;0;1;0;1;0;0;354787,7652;5642379,372;6,934244217;50,91476989;0
205890;5,20042E+18;5;3;15;0;2020;4;4;5;3;8;1;2;0;1;0;0;0;0;356360,3495;5641883,569;6,956795327;50,91070769;0
205912;5,20042E+18;5;3;15;0;2020;4;20;2;3;0;7;0;0;1;0;0;0;0;359330,7056;5651585,189;6,995270154;50,99862838;0
205914;5,20042E+18;5;3;15;0;2020;4;17;2;3;0;1;0;0;0;0;1;0;0;360432,1909;5647619,875;7,012480339;50,96325989;0
205916;5,20042E+18;5;3;15;0;2020;4;15;2;2;6;7;0;0;1;1;0;0;0;356419,9765;5654528,256;6,952651691;51,02435803;0
205918;5,20042E+18;5;3;15;0;2020;4;14;2;3;0;3;0;1;0;0;0;0;0;349820,545;5650306,338;6,860364001;50,98473294;0
205940;5,20042E+18;5;3;15;0;2020;4;12;4;3;6;4;0;0;1;1;0;0;0;360752,9944;5644289,383;7,018319405;50,93340574;0
205946;5,20042E+18;5;3;15;0;2020;4;17;4;3;6;4;0;0;1;1;0;0;0;360168,1525;5648413,226;7,008417746;50,9703258;0
205948;5,20042E+18;5;3;15;0;2020;4;18;4;3;0;3;0;1;1;0;0;0;0;356001,9245;5651879,812;6,947745805;51,00045269;0
205950;5,20042E+18;5;3;15;0;2020;4;14;4;3;1;5;0;1;1;0;0;0;0;350876,5487;5646397,413;6,877000492;50,94988041;0
205956;5,20042E+18;5;3;15;0;2020;4;19;4;3;0;4;0;1;0;1;0;0;0;354507,7916;5646322,92;6,928689957;50,95013898;0
205959;5,20042E+18;5;3;15;0;2020;4;14;4;3;6;4;0;1;0;1;0;0;0;356766,8999;5641959,697;6,962544515;50,91149288;0
205989;5,20043E+18;5;3;15;0;2020;4;0;1;3;0;1;2;1;0;0;0;0;0;356465,7224;5643870,181;6,957511405;50,92858741;0
205998;5,20043E+18;5;3;15;0;2020;4;17;2;3;2;6;0;0;1;0;0;0;0;353336,7548;5647969,987;6,911366491;50,96464371;0
206011;5,20043E+18;5;3;15;0;2020;4;16;2;3;0;7;0;1;1;0;0;0;0;355534,4912;5644634,591;6,943966126;50,93522455;0
206017;5,20043E+18;5;3;15;0;2020;4;15;3;3;0;7;0;1;1;0;0;0;0;354976,5819;5647026,59;6,935078959;50,9565808;1
206026;5,20043E+18;5;3;15;0;2020;4;14;7;2;0;1;0;1;0;0;0;0;0;356478,4953;5651358,54;6,95473927;50,99588721;0
206044;5,20043E+18;5;3;15;0;2020;4;16;1;3;0;1;0;1;0;0;0;0;0;362719,647;5637572,889;7,048815801;50,87351324;0
206049;5,20043E+18;5;3;15;0;2020;4;16;2;3;5;2;0;1;1;0;0;0;0;357184,797;5641525,451;6,968654932;50,90769387;0
206060;5,20042E+18;5;3;15;0;2020;4;22;6;2;1;5;2;1;1;0;0;0;0;356872,68;5647608,408;6,961829401;50,96228357;0
206066;5,20042E+18;5;3;15;0;2020;4;20;6;2;0;1;0;1;0;0;0;0;0;349626,893;5649865,991;6,85778926;50,98072533;0
206071;5,20042E+18;5;3;15;0;2020;4;10;6;3;5;3;0;0;1;0;0;0;1;358929,0395;5637271,073;6,995090572;50,86988799;0
206078;5,20042E+18;5;3;15;0;2020;4;21;6;3;0;1;2;1;0;0;0;0;0;354887,0108;5643834,214;6,935076214;50,9278692;0
206087;5,20042E+18;5;3;15;0;2020;4;20;6;2;0;1;0;1;0;0;0;0;0;355146,346;5644383,191;6,938545783;50,93286791;0
206089;5,20042E+18;5;3;15;0;2020;4;10;6;3;1;5;0;1;1;0;0;0;0;354788,0117;5645205,38;6,933122119;50,94016661;0
206093;5,20043E+18;5;3;15;0;2020;4;13;1;3;5;3;0;1;1;0;0;0;0;355541,3032;5641073,106;6,945473532;50,90321978;0
206099;5,20043E+18;5;3;15;0;2020;4;14;2;3;0;1;0;1;0;0;0;0;0;352163,1287;5643752,209;6,896376936;50,92644063;0
206103;5,20043E+18;5;3;15;0;2020;4;18;2;3;0;1;0;1;0;0;0;0;0;358637,4965;5650610,455;6,985776883;50,98969861;0
206122;5,20043E+18;5;3;15;0;2020;4;11;3;3;0;1;0;0;0;0;1;0;0;355704,5754;5648279,227;6,944940607;50,9680207;1
206149;5,20043E+18;5;3;15;0;2020;4;17;1;3;6;4;0;0;1;1;0;0;0;359809,5261;5634921,494;7,008495991;50,84898589;0
206154;5,20043E+18;5;3;15;0;2020;4;19;2;3;0;1;0;1;0;0;0;0;0;360554,4008;5636885,99;7,018322256;50,86682151;0
206167;5,20043E+18;5;3;15;0;2020;4;17;2;3;0;1;0;1;0;0;0;0;0;355343,575;5645936,546;6,940733893;50,94687707;0
206174;5,20043E+18;5;3;15;0;2020;4;13;3;3;1;5;0;1;1;0;0;0;0;353628,5193;5642466,559;6,917729668;50,91526057;0
206193;5,20043E+18;5;3;15;0;2020;4;16;2;3;6;4;0;0;1;1;0;0;0;363012,9379;5640866,652;7,051746939;50,90318544;0
206201;5,20043E+18;5;3;15;0;2020;4;12;1;2;5;3;0;0;1;0;0;0;0;361817,365;5644841,736;7,033247858;50,9386259;0
206206;5,20043E+18;5;3;15;0;2020;4;7;2;2;4;2;0;0;1;0;0;0;0;355313,9054;5642610,156;6,941632266;50,91697604;0
206226;5,20043E+18;5;3;15;0;2020;4;6;3;3;0;1;0;1;0;0;0;0;0;359064,275;5642499,8;6,994993914;50,91691239;0
206312;5,2005E+18;5;3;15;0;2020;5;13;1;2;0;1;0;1;0;0;0;0;0;353836,018;5657791,236;6,914515673;51,0530296;0
206314;5,2005E+18;5;3;15;0;2020;5;13;1;2;5;3;0;1;1;0;0;0;0;354537,236;5645319,209;6,929509737;50,94112635;0
206315;5,2005E+18;5;3;15;0;2020;5;11;1;3;0;5;0;1;1;0;0;0;0;350288,6959;5646411,871;6,868631747;50,94985795;0
206331;5,2005E+18;5;3;15;0;2020;5;12;2;3;0;5;0;1;1;0;0;0;0;356861,0114;5646679,681;6,962028621;50,95393432;0
206339;5,2005E+18;5;3;15;0;2020;5;23;2;3;0;2;2;0;1;1;0;0;0;354170,835;5646597,226;6,923786345;50,95251891;0
206372;5,2005E+18;5;3;15;0;2020;5;17;2;3;0;1;0;1;0;0;0;0;0;355245,2227;5642068,766;6,940870629;50,91209345;0
206380;5,2005E+18;5;3;15;0;2020;5;12;7;2;0;1;0;1;0;0;0;0;0;359731,7624;5643965,822;7,003919754;50,93025039;1
206381;5,2005E+18;5;3;15;0;2020;5;10;7;3;0;1;0;1;0;0;0;0;0;353630,8431;5647654,962;6,915678373;50,9618875;1
206382;5,2005E+18;5;3;15;0;2020;5;19;7;3;0;5;0;0;1;0;0;0;0;351765,717;5646981,528;6,88941211;50,95535889;0
206384;5,2005E+18;5;3;15;0;2020;5;10;7;3;0;1;0;0;0;0;0;0;1;357474,1402;5640117,95;6,973317102;50,89511614;1
206385;5,2005E+18;5;3;15;0;2020;5;19;2;3;5;2;0;1;0;0;0;0;0;354105,192;5642724,946;6,924402682;50,91770333;0
206386;5,2005E+18;5;3;15;0;2020;5;13;7;3;3;3;0;1;0;0;0;0;0;355279,9417;5644984,41;6,940206942;50,93830447;0
206396;5,2005E+18;5;3;15;0;2020;5;8;2;3;6;7;0;0;1;1;0;0;0;356731,4423;5644051,885;6,961218617;50,93028641;0
206400;5,20043E+18;5;3;15;0;2020;4;17;4;3;5;3;0;1;1;0;0;0;0;361060,3812;5648840,53;7,020954089;50,97438197;1
206402;5,20043E+18;5;3;15;0;2020;4;10;4;3;5;3;0;1;1;0;0;0;0;351598,3778;5648321,405;6,886484787;50,96735654;0
206404;5,20043E+18;5;3;15;0;2020;4;9;4;3;5;3;0;1;1;0;0;0;0;356850,657;5644296,877;6,962817737;50,93251774;0
206425;5,2005E+18;5;3;15;0;2020;5;16;6;3;5;3;0;1;0;0;0;0;0;358215,9248;5642122,151;6,983079691;50,91331063;0
206427;5,2005E+18;5;3;15;0;2020;5;13;6;3;6;7;0;0;1;1;0;0;0;354003,6401;5644539,716;6,92223229;50,93398643;0
206437;5,2005E+18;5;3;15;0;2020;5;16;2;3;3;6;0;0;1;0;1;0;0;356172,6328;5645399,395;6,952740036;50,94225723;0
206474;5,20043E+18;5;3;15;0;2020;4;7;5;3;0;1;0;1;0;0;0;0;0;348498,887;5644863,267;6,84381435;50,93547423;1
206475;5,20043E+18;5;3;15;0;2020;4;9;5;3;2;6;0;0;1;0;0;0;0;358873,0923;5640012,807;6,993237379;50,89451475;0
206477;5,20043E+18;5;3;15;0;2020;4;1;5;3;0;1;2;1;0;0;0;0;0;355507,255;5642316,027;6,944497542;50,91438121;1
206479;5,20043E+18;5;3;15;0;2020;4;16;5;3;4;6;0;1;1;0;0;0;0;353847,0497;5641435,593;6,921249176;50,90605096;1
206481;5,20043E+18;5;3;15;0;2020;4;16;5;2;5;3;0;0;0;0;1;0;1;352951,1103;5643823,335;6,907552703;50,9272812;1
206499;5,20051E+18;5;3;15;0;2020;5;10;5;3;1;7;0;1;1;0;0;0;0;353044,0179;5647061,96;6,907567292;50,95640908;0
206503;5,20051E+18;5;3;15;0;2020;5;14;6;3;6;2;0;0;1;1;0;0;0;354247,5078;5642895,89;6,926357638;50,91927552;0
206515;5,20051E+18;5;3;15;0;2020;5;16;7;3;5;2;0;1;1;0;0;0;0;359611,9434;5636163,379;7,005214772;50,86009913;0
206537;5,20051E+18;5;3;15;0;2020;5;8;5;3;6;4;0;0;1;1;0;0;0;365568,2196;5636321,026;7,089738704;50,86293146;0
206541;5,20051E+18;5;3;15;0;2020;5;11;6;2;0;3;0;1;1;0;0;0;0;357062,3128;5642046,703;6,966709778;50,91234803;0
206544;5,20051E+18;5;3;15;0;2020;5;22;6;3;1;5;2;1;1;0;0;0;0;353751,6667;5647007,283;6,917657985;50,95609774;0
206548;5,20051E+18;5;3;15;0;2020;5;15;5;3;1;1;0;1;1;0;0;0;0;355260,5522;5642339,012;6,940981337;50,91452595;0
206562;5,20051E+18;5;3;15;0;2020;5;14;5;3;5;2;0;1;1;0;0;0;0;355005,4247;5644604,153;6,936453772;50,93481823;0
206566;5,20051E+18;5;3;15;0;2020;5;16;7;3;9;1;0;0;0;0;1;0;0;359588,0691;5636161,45;7,0048765;50,860076;0
206585;5,20051E+18;5;3;15;0;2020;5;10;5;3;5;3;0;0;1;0;0;0;1;360098,797;5647248,205;7,007878601;50,95983879;0
206586;5,20051E+18;5;3;15;0;2020;5;21;4;2;5;3;1;1;0;0;0;0;1;367702,6868;5637641,855;7,119573944;50,87529524;0
206591;5,20051E+18;5;3;15;0;2020;5;11;4;3;0;7;0;0;0;0;1;0;0;363989,8176;5643295,892;7,064726197;50,92524919;0
206594;5,20051E+18;5;3;15;0;2020;5;19;6;3;0;4;0;1;0;1;0;0;0;354369,2993;5646880,169;6,92649677;50,95511181;0
206598;5,20051E+18;5;3;15;0;2020;5;13;5;3;1;5;0;1;1;0;0;0;0;354087,6718;5641827,898;6,924512338;50,90963737;0
206599;5,20051E+18;5;3;15;0;2020;5;10;4;3;5;2;0;1;0;0;0;1;0;363967,7659;5645278,733;7,063672478;50,9430647;0
206607;5,20051E+18;5;3;15;0;2020;5;15;6;3;3;6;0;0;1;0;1;0;0;354300,4608;5644197,029;6,926590566;50,93098186;0
206617;5,20051E+18;5;3;15;0;2020;5;17;7;3;0;7;0;0;1;0;1;0;0;356458,7806;5644376,842;6,957213169;50,93313899;0
206620;5,20051E+18;5;3;15;0;2020;5;14;7;3;4;6;0;1;0;0;0;0;0;361180,7572;5648750,893;7,022701846;50,97360541;0
206632;5,20051E+18;5;3;15;0;2020;5;16;4;3;0;1;0;1;0;0;0;0;0;357305,891;5645162,111;6,968953066;50,94040635;0
206636;5,20051E+18;5;3;15;0;2020;5;19;6;3;0;7;0;1;0;0;0;0;0;351064,4552;5645323,602;6,880112772;50,94027927;0
206644;5,20051E+18;5;3;15;0;2020;5;18;5;3;4;6;0;1;0;0;0;0;0;365788,2826;5634399,831;7,093568245;50,84571539;0
206645;5,20051E+18;5;3;15;0;2020;5;17;4;3;8;1;0;1;0;0;0;0;0;362087,2721;5649894,167;7,03517206;50,98409809;0
206649;5,20051E+18;5;3;15;0;2020;5;17;6;3;3;6;0;1;0;0;0;0;0;355250,099;5643011,841;6,940565751;50,92056992;0
206655;5,20051E+18;5;3;15;0;2020;5;18;5;3;5;2;0;1;1;0;0;0;0;354348,609;5645495,487;6,926756251;50,94266289;0
206656;5,20051E+18;5;3;15;0;2020;5;18;4;3;5;3;0;1;1;0;0;0;0;352870,9524;5653841,658;6,902359573;51,01729065;0
206670;5,20051E+18;5;3;15;0;2020;5;17;5;2;0;1;0;1;0;0;0;0;0;355230,0593;5643306,775;6,940163755;50,9232154;0
206674;5,20051E+18;5;3;15;0;2020;5;13;7;3;5;3;0;1;1;0;0;0;0;352689,286;5642959,195;6,904178789;50,91944872;0
206695;5,20051E+18;5;3;15;0;2020;5;18;5;3;1;5;0;1;1;0;0;0;0;362744,4687;5645718,765;7,046104611;50,9467295;0
206696;5,20051E+18;5;3;15;0;2020;5;16;4;3;0;3;0;1;0;0;1;0;0;356739,7745;5648677,82;6,959516898;50,97186118;0
206700;5,20051E+18;5;3;15;0;2020;5;16;4;3;5;3;0;1;1;0;0;0;0;354201,9254;5641503,584;6,92626592;50,90675171;0
206703;5,20051E+18;5;3;15;0;2020;5;16;6;3;2;6;0;0;1;0;0;0;0;353536,1493;5645674,737;6,915127554;50,94406793;0
206707;5,20051E+18;5;3;15;0;2020;5;12;5;3;5;2;0;1;1;0;0;0;0;355568,3363;5641869,232;6,945542716;50,91038122;0
206708;5,20051E+18;5;3;15;0;2020;5;7;4;3;5;3;0;0;1;0;0;0;0;356862,8763;5645763,57;6,96241529;50,9457018;0
206713;5,20051E+18;5;3;15;0;2020;5;18;3;3;4;2;0;1;1;0;0;0;0;359080,8963;5644563,716;6,994432513;50,93546507;0
206715;5,20051E+18;5;3;15;0;2020;5;22;6;2;1;1;2;0;1;0;0;0;0;353226,3481;5644291,221;6,911278059;50,93155601;0
206716;5,20051E+18;5;3;15;0;2020;5;11;3;3;0;1;0;1;1;0;0;0;0;359875,9495;5646276,424;7,005081523;50,95105113;0
206717;5,20051E+18;5;3;15;0;2020;5;18;3;3;6;4;0;0;1;1;0;0;0;359387,6319;5647492,93;6,997664003;50,96186504;0
206719;5,20051E+18;5;3;15;0;2020;5;18;3;3;0;1;0;1;0;0;0;0;0;359246,517;5646086,358;6,996199739;50,94918963;0
206724;5,20051E+18;5;3;15;0;2020;5;20;7;3;2;6;1;0;1;0;0;0;0;356312,4022;5643710,887;6,95539393;50,92711768;0
206725;5,20051E+18;5;3;15;0;2020;5;19;3;3;0;2;0;1;1;0;0;0;0;356557,8217;5648940,417;6,956823483;50,97417581;0
206727;5,20051E+18;5;3;15;0;2020;5;0;3;3;0;1;2;0;1;0;0;0;0;352579,761;5649667,061;6,899905879;50,97970126;0
206729;5,20051E+18;5;3;15;0;2020;5;12;3;3;0;1;0;1;0;0;0;0;0;354838,8729;5642470,057;6,934934677;50,91559771;0
206735;5,20051E+18;5;3;15;0;2020;5;15;3;2;0;1;0;1;0;0;0;0;0;354879,4161;5643827,694;6,934970814;50,92780869;0
206738;5,20051E+18;5;3;15;0;2020;5;15;3;3;0;7;0;1;0;1;0;1;0;355306,7263;5644513,135;6,940775035;50,93407595;0
206746;5,20051E+18;5;3;15;0;2020;5;11;3;3;5;5;0;1;1;0;0;0;0;356328,0027;5645032,209;6,955094896;50,93899611;0
206747;5,20051E+18;5;3;15;0;2020;5;7;5;2;0;1;0;1;0;0;0;0;0;358292,2447;5652222,764;6,980231599;51,0041034;0
206752;5,20051E+18;5;3;15;0;2020;5;10;6;3;5;3;0;1;1;0;0;0;0;349087,8526;5645957,86;6,85173686;50,94546496;0
206756;5,20051E+18;5;3;15;0;2020;5;11;5;3;0;1;0;1;0;0;0;0;0;354860,8161;5642941,878;6,935058896;50,91984339;0
206759;5,20051E+18;5;3;15;0;2020;5;10;4;2;6;7;0;0;1;1;0;0;0;353929,8129;5643033,278;6,921785899;50,92042985;0