OBJECTID;UIDENTSTLAE;ULAND;UREGBEZ;UKREIS;UGEMEINDE;UJAHR;UMONAT;USTUNDE;UWOCHENTAG;UKATEGORIE;UART;UTYP1;ULICHTVERH;IstRad;IstPKW;IstFuss;IstKrad;IstGkfz;IstSonstige;LINREFX;LINREFY;XGCSWGS84;YGCSWGS84;STRZUSTAND
208588;5,20061E+18;5;3;15;0;2020;6;7;7;3;1;7;0;0;1;0;0;0;0;358405,0773;5638152,979;6,987307417;50,8776857;0
208621;5,20061E+18;5;3;15;0;2020;6;12;6;3;0;7;0;0;0;0;0;0;1;355317,5481;5641274,55;6,942213588;50,9049741;0
208625;5,20061E+18;5;3;15;0;2020;6;9;4;3;5;3;0;1;1;0;0;0;0;356056,283;5647729,601;6,950163681;50,96316933;0
208626;5,20061E+18;5;3;15;0;2020;6;16;6;3;4;7;0;1;1;0;0;0;0;358612,0539;5642956,516;6,988387639;50,92090631;0
208630;5,20061E+18;5;3;15;0;2020;6;9;4;3;0;1;0;1;0;0;0;0;0;356878,4847;5641126,404;6,964457468;50,90403179;0
208633;5,20061E+18;5;3;15;0;2020;6;13;4;3;5;2;0;0;1;0;1;0;0;355547,0994;5641341,47;6,945449719;50,90563297;0
208634;5,20061E+18;5;3;15;0;2020;6;20;6;3;3;6;0;1;0;0;0;0;0;355078,8892;5644790,909;6,937424314;50,93651503;0
208640;5,20061E+18;5;3;15;0;2020;6;23;4;3;0;1;2;1;0;0;0;0;0;356487,4503;5646455,526;6,956801944;50,95182697;0
208642;5,20061E+18;5;3;15;0;2020;6;22;7;3;0;2;2;0;1;1;0;0;0;357929,5649;5644777,661;6,977974161;50,93710531;0
208643;5,20061E+18;5;3;15;0;2020;6;14;4;2;0;3;0;1;1;0;0;0;0;353628,4481;5643778,192;6,917202251;50,92704777;1
208649;5,20061E+18;5;3;15;0;2020;6;12;4;3;2;6;0;0;1;0;0;0;0;356331,6722;5644320,711;6,955427601;50,93260289;0
208652;5,20061E+18;5;3;15;0;2020;6;0;5;2;0;1;2;1;0;0;0;0;0;360992,382;5637675,532;7,024242432;50,87402289;0
208663;5,20061E+18;5;3;15;0;2020;6;19;6;2;0;7;0;1;0;0;0;0;1;359202,7747;5640544,94;6,997717105;50,89937759;0
208677;5,20061E+18;5;3;15;0;2020;6;12;6;3;5;3;0;1;0;0;0;0;0;352673,7823;5645885,892;6,902775353;50,94574576;0
208689;5,20061E+18;5;3;15;0;2020;6;14;6;3;5;3;0;1;1;0;0;0;0;353437,5051;5643851,97;6,914457487;50,92766231;0
208697;5,20061E+18;5;3;15;0;2020;6;9;7;3;0;1;0;1;0;0;0;0;0;350049,9679;5644448,552;6,866043732;50,93215283;0
208730;5,20061E+18;5;3;15;0;2020;6;13;6;3;5;3;0;0;1;0;0;0;1;354341,794;5645498,365;6,926658161;50,94268703;0
208735;5,20061E+18;5;3;15;0;2020;6;22;6;3;1;1;2;0;1;0;1;0;0;359899,0372;5643899,772;7,006323994;50,92969743;0
208743;5,20061E+18;5;3;15;0;2020;6;13;6;3;5;3;0;0;1;0;0;0;0;356378,3551;5643233,991;6,956519612;50,92284829;0
208746;5,20061E+18;5;3;15;0;2020;6;22;5;3;8;1;1;1;0;0;0;0;0;358964,9244;5641283,202;6,994051648;50,9059544;0
208753;5,20061E+18;5;3;15;0;2020;6;2;7;3;9;1;2;0;0;0;0;0;1;359599,9095;5643000,964;7,002416187;50,92154699;0
208766;5,20061E+18;5;3;15;0;2020;6;14;7;2;0;1;0;1;0;0;0;0;0;352778,6737;5641558,902;6,906014611;50,90688764;0
208787;5,20061E+18;5;3;15;0;2020;6;15;6;3;2;6;0;0;1;0;0;0;1;352938,4369;5647406,876;6,905925679;50,95948175;0
208798;5,20061E+18;5;3;15;0;2020;6;20;6;3;4;6;0;1;1;0;0;0;0;357419,7275;5641048,576;6,972180515;50,90346626;0
208804;5,20061E+18;5;3;15;0;2020;6;23;7;2;0;1;2;0;0;0;1;0;0;348931,5952;5642842,928;6,850805172;50,91743242;0
208812;5,20061E+18;5;3;15;0;2020;6;16;5;2;8;6;0;1;1;0;0;0;0;359848,9774;5639239,74;7,007401607;50,88780467;0
208825;5,20061E+18;5;3;15;0;2020;6;11;6;3;0;1;0;0;0;0;0;0;1;360166,7864;5643443,481;7,010306695;50,92566164;0
208827;5,20062E+18;5;3;15;0;2020;6;10;4;2;6;4;0;0;0;1;0;0;1;353992,2481;5636609,956;6,925240746;50,8627208;0
208931;5,20062E+18;5;3;15;0;2020;6;8;3;3;0;2;0;1;1;0;0;0;0;365850,5747;5636341,455;7,093741075;50,86318066;1
208932;5,20062E+18;5;3;15;0;2020;6;16;3;3;6;4;0;1;0;1;0;0;0;359596,889;5645398,535;7,001449643;50,94309354;1
208935;5,20062E+18;5;3;15;0;2020;6;2;3;2;0;1;2;1;0;0;0;0;0;353544,388;5643316,385;6,916192447;50,92287634;1
208936;5,20062E+18;5;3;15;0;2020;6;18;3;3;0;1;0;0;0;0;1;0;0;361181,6506;5648195,35;7,022926624;50,96861286;1
208938;5,20062E+18;5;3;15;0;2020;6;14;3;3;5;2;0;0;1;0;0;0;0;364760,8031;5647972,283;7,073953219;50,96745951;0
208940;5,20062E+18;5;3;15;0;2020;6;22;3;3;2;6;2;0;1;0;1;0;0;356066,123;5651134,596;6,948955513;50,99377169;0
208943;5,20062E+18;5;3;15;0;2020;6;8;3;3;5;3;0;1;1;0;0;0;0;351746,3574;5645747,881;6,889638957;50,94426777;1
208945;5,20062E+18;5;3;15;0;2020;6;16;3;3;0;3;0;1;0;0;0;0;1;356861,5721;5649907,566;6,960766314;50,98294298;1
208946;5,20062E+18;5;3;15;0;2020;6;16;3;2;0;7;0;0;0;0;1;0;0;351729,3707;5645515,609;6,889491877;50,9421761;1
208947;5,20062E+18;5;3;15;0;2020;6;18;3;3;8;1;0;1;0;0;0;0;0;356764,5259;5642280,717;6,96238475;50,91437727;1
208949;5,20062E+18;5;3;15;0;2020;6;9;3;3;4;2;0;0;1;0;1;0;0;354307,605;5643426,117;6,927000233;50,9240557;1
208950;5,20062E+18;5;3;15;0;2020;6;20;3;3;3;6;1;1;1;0;0;0;0;355216,7403;5645703,099;6,939022383;50,9447473;0
208952;5,20062E+18;5;3;15;0;2020;6;19;3;3;5;3;0;1;1;0;0;0;0;355486,3791;5645673,338;6,942869829;50,9445475;0
209026;5,20061E+18;5;3;15;0;2020;6;19;1;3;0;1;0;0;0;0;1;0;0;367409,8038;5637855,354;7,115335993;50,87714701;1
209037;5,20061E+18;5;3;15;0;2020;6;14;1;3;6;7;0;1;0;1;0;0;0;361870,2367;5650395,883;7,031891199;50,98855508;0
209039;5,20062E+18;5;3;15;0;2020;6;15;4;3;5;3;0;1;0;0;0;0;0;364048,9241;5633630,836;7,069161512;50,83839782;0
209043;5,20061E+18;5;3;15;0;2020;6;15;1;2;4;2;0;0;0;0;1;0;1;347607,608;5646017,779;6,830656297;50,94561402;0
209046;5,20061E+18;5;3;15;0;2020;6;16;1;3;0;7;0;1;0;0;0;0;0;353872,6065;5647236,697;6,919286652;50,95819007;1
209048;5,20061E+18;5;3;15;0;2020;6;10;1;3;3;2;0;1;1;0;0;0;0;352768,499;5645466,228;6,904292339;50,94199862;0
209050;5,20061E+18;5;3;15;0;2020;6;12;1;3;5;3;0;1;0;0;0;0;0;354060,0221;5643191,578;6,923573806;50,92188539;0
209056;5,20061E+18;5;3;15;0;2020;6;1;1;2;4;3;2;0;1;0;0;0;1;356176,497;5645314,134;6,952828664;50,94149196;0
209064;5,20062E+18;5;3;15;0;2020;6;13;2;3;0;7;0;1;0;0;0;0;0;359359,8149;5644335,272;6,998487665;50,93348011;0
209065;5,20062E+18;5;3;15;0;2020;6;13;2;2;4;6;0;0;1;0;0;0;0;359846,7073;5644433,909;7,005374414;50,93448509;0
209066;5,20062E+18;5;3;15;0;2020;6;11;2;2;5;3;0;1;1;0;0;0;0;364428,8847;5649479,97;7,068666825;50,98093172;0
209068;5,20062E+18;5;3;15;0;2020;6;18;2;3;6;7;0;1;0;1;0;0;0;352923,317;5645845,706;6,90634123;50,94544834;0
209071;5,20062E+18;5;3;15;0;2020;6;15;2;3;2;6;0;1;0;0;0;0;0;352534,3754;5646823,13;6,900412705;50,95413264;0
209072;5,20062E+18;5;3;15;0;2020;6;12;2;3;0;7;0;1;0;1;0;0;0;352669,7298;5646998,002;6,902267695;50,95573875;0
209073;5,20062E+18;5;3;15;0;2020;6;19;2;3;4;6;0;1;0;0;0;0;1;359712,648;5637043,506;7,006307317;50,8680335;0
209074;5,20062E+18;5;3;15;0;2020;6;13;2;3;0;1;0;0;1;0;1;0;0;353780,5204;5635713,059;6,922592527;50,85460706;0
209075;5,20062E+18;5;3;15;0;2020;6;11;2;3;2;6;0;1;0;0;0;0;1;353820,5174;5641468,902;6,92085873;50,90634359;0
209076;5,20062E+18;5;3;15;0;2020;6;18;2;3;8;1;0;1;1;0;0;0;0;355285,6896;5641956,523;6,941490385;50,91109489;0
209077;5,20062E+18;5;3;15;0;2020;6;1;2;3;0;1;2;0;0;0;0;0;1;353382,4768;5643017,62;6,914010474;50,92015032;0
209079;5,20062E+18;5;3;15;0;2020;6;20;2;3;1;5;1;1;0;0;0;0;1;356392,0854;5644425,978;6,95624529;50,93356396;0
209080;5,20062E+18;5;3;15;0;2020;6;19;4;3;5;2;0;1;1;0;0;0;0;359597,972;5645322,593;7,00149432;50,94241131;0
209121;5,20062E+18;5;3;15;0;2020;6;17;7;3;4;6;0;1;1;0;0;0;0;352175,4899;5648035,06;6,89481435;50,9649317;0
209125;5,20062E+18;5;3;15;0;2020;6;11;6;3;1;6;0;0;1;0;0;0;0;356498,2902;5641871,058;6,958761055;50,91062957;0
209165;5,20062E+18;5;3;15;0;2020;6;6;6;3;0;1;0;1;0;0;0;0;0;351901,4479;5654209,549;6,888396992;51,02034778;0
209168;5,20062E+18;5;3;15;0;2020;6;0;1;2;0;1;2;1;0;0;0;0;0;357615,8698;5645093,936;6,973388862;50,93987029;0
209172;5,20062E+18;5;3;15;0;2020;6;3;7;3;0;1;2;0;0;0;0;0;1;356545,6823;5643288,732;6,95887723;50,92338187;0
209215;5,20062E+18;5;3;15;0;2020;6;10;7;3;1;5;0;0;1;0;0;0;0;349351,6523;5659184,088;6,849999867;51,06438711;0
209235;5,20062E+18;5;3;15;0;2020;6;14;6;3;1;5;0;1;1;0;0;0;0;356703,5565;5648389,948;6,959114815;50,96926511;0
209250;5,20062E+18;5;3;15;0;2020;6;12;5;3;1;5;0;0;1;0;0;0;0;366392,364;5635355,545;7,101795265;50,85444498;0
209256;5,20062E+18;5;3;15;0;2020;6;19;5;3;0;1;0;0;0;0;1;0;0;358614,9902;5641953,298;6,988818198;50,91189102;1
209258;5,20062E+18;5;3;15;0;2020;6;18;5;2;4;6;0;1;1;0;0;0;0;361755,8043;5640151,238;7,034149826;50,89645611;0
209260;5,20062E+18;5;3;15;0;2020;6;12;5;3;0;7;0;0;1;0;0;0;1;360137,3511;5646118,275;7,008861391;50,94969332;0
209264;5,20062E+18;5;3;15;0;2020;6;14;5;3;0;6;0;1;0;0;0;0;0;358872,9999;5647956,22;6,990160686;50,96590281;1
209270;5,20062E+18;5;3;15;0;2020;6;18;5;3;5;3;0;0;1;0;0;0;0;355698,4216;5650403,123;6,944009969;50,98710607;0
209272;5,20062E+18;5;3;15;0;2020;6;20;5;3;5;3;0;0;1;0;0;0;0;349708,4897;5659210,007;6,855077931;51,06471354;1
209277;5,20062E+18;5;3;15;0;2020;6;21;5;3;0;1;0;1;0;0;0;0;0;353954,5698;5646725,267;6,920658113;50,95361482;1
209278;5,20062E+18;5;3;15;0;2020;6;16;1;3;3;6;0;1;1;0;0;0;0;358940,6447;5644967,096;6,992281594;50,93905599;0
209281;5,20062E+18;5;3;15;0;2020;6;11;5;3;1;3;0;0;1;0;0;0;1;352879,2945;5647324,68;6,905117355;50,958728;0
209282;5,20062E+18;5;3;15;0;2020;6;19;7;3;8;1;2;0;0;0;1;0;0;356721,9457;5645283;6,960599511;50,94134796;0
209283;5,20062E+18;5;3;15;0;2020;6;9;5;3;2;6;0;1;1;0;0;0;0;356651,3204;5642639,736;6,960634349;50,91757565;0
209287;5,20062E+18;5;3;15;0;2020;6;22;6;3;5;2;1;1;1;0;0;0;0;355700,793;5645884,543;6,9458362;50,94649926;0
209328;5,20062E+18;5;3;15;0;2020;6;17;1;3;0;1;0;1;0;0;0;0;0;356614,541;5644423,75;6,959409893;50,93359928;0
209340;5,20062E+18;5;3;15;0;2020;6;19;6;3;5;3;0;1;0;0;0;0;0;353107,0075;5653222,248;6,905973448;51,0117847;0
209379;5,20062E+18;5;3;15;0;2020;6;15;4;3;5;3;0;1;0;0;0;0;0;357106,2398;5648102,15;6,964959179;50,96677874;0
209380;5,20062E+18;5;3;15;0;2020;6;18;4;3;6;4;0;0;0;1;1;0;0;354668,6051;5646232,646;6,931013825;50,94936828;0
209383;5,20062E+18;5;3;15;0;2020;6;8;4;3;2;2;0;1;1;0;0;0;0;353719,584;5643879,225;6,918457618;50,92797884;0
209386;5,20062E+18;5;3;15;0;2020;6;11;4;3;1;5;0;1;1;0;0;0;0;355592,6086;5643480,472;6,945249892;50,92486725;0
209411;5,20062E+18;5;3;15;0;2020;6;11;2;3;0;6;0;0;1;1;0;0;0;359281,8269;5634101,034;7,001319717;50,84148407;0
209413;5,20062E+18;5;3;15;0;2020;6;15;2;3;0;7;0;1;0;0;0;0;0;357868,5463;5644932,778;6,97704578;50,93848431;0
209415;5,20062E+18;5;3;15;0;2020;6;15;2;3;5;3;0;1;0;0;1;0;0;357679,6431;5644753,873;6,9744288;50,93682991;0
209417;5,20062E+18;5;3;15;0;2020;6;15;2;3;4;6;0;1;1;0;0;0;0;359949,1973;5648053,883;7,005439621;50,96704315;0
209423;5,20062E+18;5;3;15;0;2020;6;18;2;3;0;4;0;1;1;1;0;0;0;353994,993;5642822,577;6,92279694;50,91855284;0
209425;5,20062E+18;5;3;15;0;2020;6;9;2;3;2;6;0;0;1;0;0;0;0;355268,017;5641802,678;6,941300186;50,90970788;0
209526;5,20062E+18;5;3;15;0;2020;6;11;3;3;1;5;0;1;1;0;0;0;0;359824,3083;5635258,034;7,008577017;50,85201405;0
209528;5,20062E+18;5;3;15;0;2020;6;18;3;2;8;1;0;0;0;0;1;0;0;357394,9096;5648303,568;6,968988577;50,9686604;0
209529;5,20062E+18;5;3;15;0;2020;6;16;3;3;0;3;0;0;1;0;1;0;0;354543,2742;5648337,949;6,928389357;50,96825635;0
209530;5,20062E+18;5;3;15;0;2020;6;0;3;2;0;1;2;1;0;0;0;0;0;348012,4433;5644938,158;6,836865245;50,93601923;0
209532;5,20062E+18;5;3;15;0;2020;6;18;3;2;6;4;0;1;0;1;0;0;0;353762,1111;5646848,481;6,917870391;50,95467329;0
209533;5,20062E+18;5;3;15;0;2020;6;8;3;3;2;6;0;0;1;0;1;0;0;356190,4703;5644403,886;6,95338668;50,93331518;0
209609;5,20063E+18;5;3;15;0;2020;6;10;6;3;1;5;0;1;1;0;0;0;0;355283,8844;5641967,864;6,941460227;50,91119635;0
209640;5,20063E+18;5;3;15;0;2020;6;20;1;3;1;6;0;0;1;0;0;0;0;352074,1357;5654726,556;6,890646489;51,02503825;0
209647;5,20063E+18;5;3;15;0;2020;6;10;6;3;5;2;0;1;1;0;0;0;0;353519,4021;5646164,226;6,914692453;50,94846252;0
209652;5,20063E+18;5;3;15;0;2020;6;15;6;3;6;5;0;0;1;1;0;0;0;361991,1716;5649680,633;7,033884879;50,98215598;0
209659;5,20063E+18;5;3;15;0;2020;6;19;6;3;3;6;1;1;1;0;0;0;0;356606,5909;5642926,764;6,959885594;50,92014403;0
209666;5,20063E+18;5;3;15;0;2020;6;1;7;3;5;3;2;0;1;0;0;0;1;355603,0045;5644633,53;6,944940957;50,93523217;0
209688;5,20063E+18;5;3;15;0;2020;6;19;1;3;6;4;0;1;0;1;0;0;0;356837,7553;5642666,413;6,963274424;50,91786167;0
209699;5,20063E+18;5;3;15;0;2020;6;21;6;2;6;4;1;0;1;1;0;0;0;357507,199;5647106,561;6,971055555;50,95793079;0
209703;5,20063E+18;5;3;15;0;2020;6;13;7;3;0;1;0;0;0;0;0;0;1;359805,2398;5646249,07;7,004086029;50,9507881;0
209704;5,20063E+18;5;3;15;0;2020;6;22;5;3;8;1;2;1;0;0;0;0;0;363130,1542;5638861,023;7,05416452;50,8851877;0
209711;5,20063E+18;5;3;15;0;2020;6;8;6;3;5;3;0;1;0;0;0;0;1;355273,9754;5643063,579;6,940884688;50,92104086;0
209712;5,20063E+18;5;3;15;0;2020;6;20;5;3;0;7;0;0;0;0;1;0;0;361035,6984;5647404,374;7,021151418;50,96146903;0
209715;5,20063E+18;5;3;15;0;2020;6;13;5;3;2;6;0;0;1;0;0;0;0;357351,813;5649788,037;6,96779278;50,98199047;0
209717;5,20063E+18;5;3;15;0;2020;6;8;5;3;0;7;0;0;1;0;0;0;0;358598,1519;5647981,402;6,986239273;50,96606172;0
209723;5,20063E+18;5;3;15;0;2020;6;8;5;3;6;2;0;0;1;1;0;0;0;353387,1448;5648040,881;6,912055015;50,96529364;0
209726;5,20063E+18;5;3;15;0;2020;6;12;5;2;8;1;0;0;0;0;1;0;0;353619,0592;5653513,416;6,91315031;51,01453182;0
209728;5,20063E+18;5;3;15;0;2020;6;10;5;3;5;2;0;1;1;0;0;0;0;347765,3251;5645045,266;6,833306121;50,93691654;0
209734;5,20063E+18;5;3;15;0;2020;6;18;5;3;2;2;0;0;1;0;0;0;0;353263,9362;5647867,717;6,910371465;50,96370612;0
209737;5,20063E+18;5;3;15;0;2020;6;17;5;3;2;6;0;0;1;0;1;0;0;353595,4268;5645633,701;6,91598725;50,9437142;0
209739;5,20063E+18;5;3;15;0;2020;6;17;6;3;3;6;0;1;1;0;0;0;0;364720,5306;5648955,716;7,073014169;50,97628861;0
209741;5,20063E+18;5;3;15;0;2020;6;8;5;3;0;1;0;1;0;0;0;0;0;355262,7614;5642028,57;6,941135888;50,91173661;0
209744;5,20063E+18;5;3;15;0;2020;6;9;1;3;6;4;0;0;1;1;0;0;0;360724,0171;5640638,845;7,019301044;50,90059046;0
209747;5,20063E+18;5;3;15;0;2020;6;17;5;3;1;5;0;1;1;0;0;0;0;356487,027;5645430,91;6,957199708;50,94261879;0
209752;5,20063E+18;5;3;15;0;2020;6;7;6;3;4;2;0;1;1;0;0;0;0;349346,919;5649352,472;6,854016563;50,97603755;0
209756;5,20063E+18;5;3;15;0;2020;6;22;7;3;0;1;1;1;0;0;0;0;0;358637,0557;5639776,321;6,989974766;50,8923317;0
209763;5,20063E+18;5;3;15;0;2020;6;16;6;3;5;2;0;1;0;1;0;0;0;354856,0499;5643815,783;6,934643292;50,92769577;0
209794;5,20063E+18;5;3;15;0;2020;6;10;1;3;0;1;0;1;0;0;0;0;0;353844,6321;5643191,349;6,920511496;50,92182881;1
209801;5,20063E+18;5;3;15;0;2020;6;12;6;3;8;5;0;1;1;0;0;0;0;359830,3841;5639704,913;7,006958963;50,89198078;0
209805;5,20063E+18;5;3;15;0;2020;6;16;6;2;3;6;0;1;0;0;0;0;1;353476,0807;5650136,314;6,912476246;50,98414701;0
209812;5,20063E+18;5;3;15;0;2020;6;11;6;2;0;1;0;1;0;0;0;0;0;355372,1616;5644253,401;6,941808713;50,93175819;0
209852;5,20063E+18;5;3;15;0;2020;6;0;6;2;0;1;2;1;0;0;0;0;0;352493,0454;5644754,193;6,900662588;50,93552947;0
209856;5,20063E+18;5;3;15;0;2020;6;12;7;3;1;6;0;1;1;1;0;0;0;359560,3188;5647809,656;6,999999223;50,96475359;0
209860;5,2007E+18;5;3;15;0;2020;7;13;5;3;0;3;0;1;0;0;0;0;1;360371,026;5647020,283;7,011839952;50,95785645;0
209885;5,2007E+18;5;3;15;0;2020;7;17;5;3;0;1;0;1;0;0;0;0;0;354185,8723;5645653,397;6,924378221;50,94404084;1
209897;5,2007E+18;5;3;15;0;2020;7;18;5;3;8;1;0;0;1;0;1;0;0;354059,1144;5646660,727;6,922171407;50,9530613;1
209909;5,2007E+18;5;3;15;0;2020;7;8;5;3;5;3;0;1;1;0;0;1;0;356129,585;5636634,447;6,955581705;50,86347668;0
209945;5,2007E+18;5;3;15;0;2020;7;17;5;3;6;4;0;0;1;1;0;0;0;355539,731;5641871,057;6,94513538;50,91039045;1
209949;5,2007E+18;5;3;15;0;2020;7;11;5;3;7;1;0;0;0;0;0;0;1;356806,523;5645345,106;6,961778145;50,94192712;0
209952;5,2007E+18;5;3;15;0;2020;7;6;4;3;0;1;0;1;0;0;0;0;0;349760,74;5658533,667;6,856103929;51,05864956;1
209954;5,2007E+18;5;3;15;0;2020;7;15;4;2;5;3;0;0;1;0;0;0;0;352440,5485;5645089,084;6,899780365;50,93852556;1
209955;5,2007E+18;5;3;15;0;2020;7;11;4;2;2;6;0;1;0;0;0;0;0;347989,9419;5648063,578;6,835240446;50,96409881;1
209956;5,2007E+18;5;3;15;0;2020;7;20;4;2;4;1;0;0;1;0;0;0;0;358254,2388;5640728,184;6,984165698;50,90079236;1
209958;5,2007E+18;5;3;15;0;2020;7;10;5;3;0;1;0;0;1;0;1;0;0;356220,956;5644959,649;6,953600957;50,93831735;1
209959;5,2007E+18;5;3;15;0;2020;7;9;4;2;0;1;0;1;0;0;0;0;0;355276,1735;5641536,202;6,941521793;50,90731515;0
209962;5,2007E+18;5;3;15;0;2020;7;18;4;3;0;7;0;0;1;0;0;0;0;353783,2044;5644057,648;6,919290723;50,92959841;0
209965;5,2007E+18;5;3;15;0;2020;7;17;4;3;1;7;0;1;1;0;0;0;0;355178,3251;5645939,193;6,938382042;50,94685937;0
209967;5,2007E+18;5;3;15;0;2020;7;14;4;3;5;3;0;1;1;0;0;0;0;355344,3794;5644599,464;6,941276264;50,93486121;1
210064;5,20063E+18;5;3;15;0;2020;6;13;3;3;4;2;0;0;1;0;0;0;1;358218,5748;5642890,117;6,982818888;50,92021303;0
210066;5,20063E+18;5;3;15;0;2020;6;18;3;3;0;3;0;1;1;0;0;0;0;355639,1572;5647311,647;6,944393483;50,9593089;0
210067;5,20063E+18;5;3;15;0;2020;6;11;3;1;3;2;0;1;0;0;0;0;0;355514,939;5648408,021;6,9421905;50,96913061;0
210069;5,20063E+18;5;3;15;0;2020;6;13;2;3;4;6;0;1;0;0;0;0;0;358873,2437;5647956,819;6,990163923;50,96590826;0
210070;5,20063E+18;5;3;15;0;2020;6;16;3;3;0;7;0;0;0;0;0;0;1;354548,8498;5648329,545;6,928472071;50,96818223;0
210071;5,20063E+18;5;3;15;0;2020;6;6;3;3;5;3;0;0;1;0;1;0;0;354185,988;5653657,379;6,921169042;51,01596958;0
210072;5,20063E+18;5;3;15;0;2020;6;14;2;3;2;6;2;0;1;0;0;0;0;353900,1049;5650578,513;6,91833524;50,98822863;0
210073;5,20063E+18;5;3;15;0;2020;6;8;3;3;5;3;0;1;1;0;0;0;0;347722,4529;5645825,701;6,832370197;50,94391832;0
210074;5,20063E+18;5;3;15;0;2020;6;15;2;3;4;3;0;1;1;0;0;0;0;353114,134;5644276,2;6,90968834;50,93139246;1
210075;5,20063E+18;5;3;15;0;2020;6;20;3;3;0;1;0;1;0;0;0;0;0;355190,4013;5647146,412;6,93807365;50,95771138;0
210077;5,20063E+18;5;3;15;0;2020;6;16;3;3;5;3;0;0;1;0;0;0;1;352273,0141;5649443,999;6,895629875;50,9776181;0
210078;5,20063E+18;5;3;15;0;2020;6;14;3;3;2;6;0;0;1;0;0;0;0;351477,131;5644622,09;6,886268289;50,9340816;0
210079;5,20063E+18;5;3;15;0;2020;6;15;3;3;2;6;0;0;1;0;0;0;0;356882,8138;5641100,539;6,964529137;50,90380041;0
210080;5,20063E+18;5;3;15;0;2020;6;15;2;3;0;1;0;0;0;0;1;0;0;355695,6168;5645988,607;6,945721329;50,94743317;0
210081;5,20063E+18;5;3;15;0;2020;6;11;3;3;5;3;0;1;1;0;0;0;0;359970,763;5636939,591;7,010012928;50,86716217;0
210083;5,20063E+18;5;3;15;0;2020;6;15;3;3;6;7;0;0;1;1;0;0;0;353396,1595;5643287,411;6,914096556;50,92257831;0
210084;5,20063E+18;5;3;15;0;2020;6;12;3;3;0;1;0;1;0;0;0;0;0;355270,785;5642009,962;6,941257324;50,9115714;0
210086;5,20063E+18;5;3;15;0;2020;6;20;3;3;2;6;0;0;1;0;0;0;0;355182,0542;5642702,407;6,939721166;50,91777202;0
210087;5,20063E+18;5;3;15;0;2020;6;17;3;3;0;1;0;1;0;0;0;0;0;354773,0922;5645546,368;6,932773969;50,94322722;0
210088;5,20063E+18;5;3;15;0;2020;6;8;3;3;0;1;0;1;0;0;0;0;0;354920,682;5643863,125;6,93554351;50,92813748;0
210116;5,20071E+18;5;3;15;0;2020;7;23;2;3;0;7;2;0;0;0;1;0;0;359356,2504;5643120,444;6,998905635;50,92256143;0
210121;5,2007E+18;5;3;15;0;2020;7;13;7;3;5;2;0;1;1;0;0;0;0;352466,1878;5654787,829;6,896207996;51,02568962;0
210127;5,20071E+18;5;3;15;0;2020;7;16;3;2;5;3;0;1;1;0;0;0;0;358742,774;5648379,27;6,988143024;50,96967284;0
210135;5,20071E+18;5;3;15;0;2020;7;18;3;3;2;6;0;0;1;0;0;0;0;356208,0142;5645119,067;6,953353965;50,93974679;0
210138;5,20071E+18;5;3;15;0;2020;7;18;2;3;5;3;0;1;1;0;0;0;0;359108,4514;5644026,999;6,995031905;50,93064828;0
210152;5,20071E+18;5;3;15;0;2020;7;21;2;3;0;6;0;0;0;1;0;0;1;357435,8607;5645666,677;6,97060428;50,94497301;0
210164;5,20071E+18;5;3;15;0;2020;7;9;2;3;0;7;0;0;0;0;0;0;1;356886,0011;5648157,989;6,961802771;50,96722589;0
210166;5,2007E+18;5;3;15;0;2020;7;12;6;3;5;3;0;0;1;0;0;0;0;360722,9278;5640639,795;7,0192852;50,90059873;0
210169;5,2007E+18;5;3;15;0;2020;7;2;7;3;0;7;2;0;1;0;0;0;1;356698,2878;5646413,928;6,959817988;50,9515056;0
210179;5,2007E+18;5;3;15;0;2020;7;12;6;3;0;3;0;0;1;0;1;0;0;362961,1201;5648031,566;7,048315996;50,96756699;0
210189;5,20071E+18;5;3;15;0;2020;7;7;3;2;5;3;0;1;0;0;0;0;1;351156,515;5647028,906;6,880725135;50,95562763;0
210193;5,2007E+18;5;3;15;0;2020;7;15;6;3;1;5;0;1;1;0;0;0;0;357359,1865;5647932,63;6,968625601;50,96531797;0
210200;5,20071E+18;5;3;15;0;2020;7;8;2;3;2;6;0;1;1;0;0;0;0;355513,648;5648416,167;6,94216889;50,96920349;0