OBJECTID;UIDENTSTLAE;ULAND;UREGBEZ;UKREIS;UGEMEINDE;UJAHR;UMONAT;USTUNDE;UWOCHENTAG;UKATEGORIE;UART;UTYP1;ULICHTVERH;IstRad;IstPKW;IstFuss;IstKrad;IstGkfz;IstSonstige;LINREFX;LINREFY;XGCSWGS84;YGCSWGS84;STRZUSTAND
210205;5,20071E+18;5;3;15;0;2020;7;8;2;3;0;7;0;0;1;1;0;0;0;354657,2977;5651168,516;6,928880272;50,99372245;1
210207;5,2007E+18;5;3;15;0;2020;7;12;6;3;5;3;0;1;1;0;0;0;0;356232,7771;5646670,777;6,953093611;50,95369793;0
210215;5,20071E+18;5;3;15;0;2020;7;18;2;3;5;2;0;1;1;0;0;0;0;352919,1585;5643191,538;6,907353205;50,92159534;0
210216;5,2007E+18;5;3;15;0;2020;7;18;6;3;7;7;0;0;1;0;0;0;0;355912,416;5651469,62;6,946633785;50,996744;0
210218;5,2007E+18;5;3;15;0;2020;7;9;6;3;1;7;0;0;1;0;1;0;0;353258,2484;5645090,475;6,911409869;50,93874672;0
210222;5,2007E+18;5;3;15;0;2020;7;22;7;3;0;7;2;0;1;0;0;0;0;361832,1992;5645220,175;7,033315332;50,9420306;1
210229;5,20071E+18;5;3;15;0;2020;7;16;3;3;8;1;0;0;0;0;1;0;0;359355,7852;5643120,076;6,998899162;50,92255801;1
210241;5,20071E+18;5;3;15;0;2020;7;15;3;3;1;7;0;0;1;0;1;0;0;355350,7591;5645208,437;6,941125242;50,94033553;0
210244;5,20071E+18;5;3;15;0;2020;7;8;2;3;0;1;0;0;0;0;1;0;0;356730,4643;5643098,469;6,961579346;50,92171791;0
210246;5,2007E+18;5;3;15;0;2020;7;19;6;3;0;3;0;1;1;0;0;0;0;353563,342;5646465,25;6,915196478;50,95117887;0
210251;5,20071E+18;5;3;15;0;2020;7;2;1;2;8;1;2;0;1;0;0;0;0;362925,3791;5650835,514;7,046749867;50,99275841;1
210256;5,20071E+18;5;3;15;0;2020;7;15;1;3;6;7;0;0;1;1;0;0;0;353926,7189;5643237,668;6,921660047;50,92226586;0
210275;5,2007E+18;5;3;15;0;2020;7;1;7;3;8;1;2;1;1;0;0;0;0;353720,4929;5642132,737;6,91917099;50,91228394;0
210292;5,20071E+18;5;3;15;0;2020;7;15;3;3;0;1;0;1;0;0;0;0;0;356660,6552;5645286,47;6,959726336;50,94136392;0
210295;5,20071E+18;5;3;15;0;2020;7;17;3;3;5;5;0;1;1;0;0;0;0;353144,8037;5656928,022;6,905010522;51,04509607;0
210343;5,20071E+18;5;3;15;0;2020;7;9;3;3;0;1;0;1;0;0;0;0;0;359632,4503;5636560,473;7,005353651;50,86367289;0
210379;5,20071E+18;5;3;15;0;2020;7;15;7;3;6;4;0;1;0;1;0;0;0;363341,145;5638697,708;7,057223334;50,88376985;0
210382;5,20071E+18;5;3;15;0;2020;7;21;1;3;6;7;0;1;0;1;0;0;0;357429,98;5645664,343;6,970521538;50,94495058;0
210388;5,20071E+18;5;3;15;0;2020;7;9;7;3;0;7;0;1;0;0;0;0;0;355827,0692;5645550,287;6,947764879;50,94352696;0
210389;5,20071E+18;5;3;15;0;2020;7;22;5;3;1;7;2;0;1;0;1;0;0;366364,2491;5635572,737;7,101316775;50,85639055;0
210391;5,20071E+18;5;3;15;0;2020;7;13;1;3;0;1;0;1;1;0;0;0;0;353873,4836;5646775,94;6,91948411;50,95404964;0
210393;5,20071E+18;5;3;15;0;2020;7;20;5;3;5;3;0;0;1;0;0;0;0;361397,7294;5640271,427;7,029015557;50,89745046;0
210398;5,20071E+18;5;3;15;0;2020;7;16;5;3;1;1;0;0;1;0;1;0;0;357752,1748;5641348,808;6,976788534;50,90624646;0
210399;5,20071E+18;5;3;15;0;2020;7;15;5;3;0;1;0;1;0;0;0;0;0;356603,1929;5637579,034;6,961936916;50,87208335;0
210402;5,20071E+18;5;3;15;0;2020;7;16;2;3;4;2;0;0;1;0;0;0;0;349080,1329;5649617,56;6,850109132;50,97834983;0
210403;5,20071E+18;5;3;15;0;2020;7;18;5;3;0;7;0;1;0;0;0;0;0;353595,7941;5643257,607;6,916946946;50,92236117;0
210407;5,20071E+18;5;3;15;0;2020;7;14;5;3;0;2;0;1;1;0;0;0;0;353705,635;5642107,149;6,918970044;50,91205022;0
210414;5,20071E+18;5;3;15;0;2020;7;12;5;3;0;1;0;1;0;0;0;0;0;355274,1935;5644168,116;6,94044936;50,93096717;0
210418;5,20071E+18;5;3;15;0;2020;7;13;5;3;6;4;0;1;0;1;0;0;0;355620,8399;5644947,871;6,945070067;50,93806156;0
210425;5,20071E+18;5;3;15;0;2020;7;11;5;3;0;5;0;1;1;0;0;0;0;356406,6909;5645642,527;6,955973537;50,94450056;0
210427;5,20071E+18;5;3;15;0;2020;7;19;7;3;5;3;0;0;1;0;0;0;0;353707,4711;5642105,563;6,91899678;50,91203643;0
210443;5,20071E+18;5;3;15;0;2020;7;14;1;3;3;5;0;1;1;0;0;0;0;353768,1533;5642053,143;6,919880379;50,91158072;0
210444;5,20071E+18;5;3;15;0;2020;7;16;1;3;5;3;0;1;1;0;0;0;0;357513,7352;5647044,078;6,971173023;50,95737088;0
210483;5,20071E+18;5;3;15;0;2020;7;10;7;3;2;6;0;0;1;0;0;0;0;360973,9096;5640912,831;7,022748272;50,90311307;0
210493;5,20071E+18;5;3;15;0;2020;7;4;7;2;0;1;2;1;0;0;0;0;0;356627,1127;5642745,477;6,960248628;50,91851992;0
210496;5,20071E+18;5;3;15;0;2020;7;14;1;3;2;6;0;0;1;0;1;0;0;352882,0481;5647328,532;6,905154979;50,95876331;0
210509;5,20071E+18;5;3;15;0;2020;7;14;2;3;4;6;0;1;1;0;0;0;0;349520,7103;5645998,856;6,857877122;50,9459465;0
210520;5,20071E+18;5;3;15;0;2020;7;8;6;3;5;3;0;1;1;0;0;0;0;365372,943;5645436,042;7,083604059;50,94480836;0
210534;5,20071E+18;5;3;15;0;2020;7;14;7;3;3;6;0;1;0;0;0;0;0;357797,7561;5642916,708;6,976825349;50,92034845;0
210537;5,20071E+18;5;3;15;0;2020;7;0;1;3;8;7;2;0;0;0;0;0;1;356362,4958;5654806,9;6,95172222;51,02684777;0
210551;5,20071E+18;5;3;15;0;2020;7;12;1;3;0;7;0;1;0;0;0;0;0;354647,9861;5646229,73;6,930721654;50,94933687;0
210558;5,20071E+18;5;3;15;0;2020;7;16;2;2;1;5;0;0;1;0;1;0;0;356308,625;5644302,334;6,95510708;50,932432;0
210585;5,20071E+18;5;3;15;0;2020;7;11;7;3;0;1;0;0;0;0;1;0;0;356387,3351;5641879,514;6,957180519;50,91067797;0
210596;5,20071E+18;5;3;15;0;2020;7;13;4;3;0;1;0;1;0;0;0;0;0;360892,904;5647895,294;7,018931625;50,96584655;1
210598;5,20071E+18;5;3;15;0;2020;7;19;2;3;5;2;0;1;1;0;0;0;0;362085,9312;5644163,408;7,037324682;50,93259384;0
210599;5,20071E+18;5;3;15;0;2020;7;0;4;2;5;3;2;1;0;0;1;0;0;353056,482;5647573,285;6,907538179;50,96100731;0
210601;5,20071E+18;5;3;15;0;2020;7;19;4;3;5;3;0;0;1;0;1;0;0;358836,2037;5639766,834;6,992808239;50,89229514;1
210603;5,20071E+18;5;3;15;0;2020;7;18;1;3;1;5;0;1;1;0;0;0;0;353030,185;5645909,849;6,907835544;50,94605202;0
210606;5,20071E+18;5;3;15;0;2020;7;10;4;2;5;7;0;1;1;0;0;0;0;354924,09;5642889,982;6,935979131;50,91939292;1
210610;5,20071E+18;5;3;15;0;2020;7;20;4;3;8;1;0;0;1;0;0;0;1;356735,946;5643159,625;6,961633262;50,92226887;1
210616;5,20071E+18;5;3;15;0;2020;7;16;4;3;0;1;0;0;0;0;1;0;0;355403,5684;5645887,882;6,941606666;50,94645479;1
210626;5,20071E+18;5;3;15;0;2020;7;17;4;3;2;6;0;0;1;0;0;0;0;355987,5531;5643046,508;6,951037026;50,92106599;1
210633;5,20072E+18;5;3;15;0;2020;7;19;6;3;2;6;0;0;1;0;0;0;1;356716,317;5648491,949;6,959256247;50,97018495;0
210652;5,20072E+18;5;3;15;0;2020;7;10;5;3;1;5;0;1;1;0;0;0;0;364852,5331;5648499,864;7,075062779;50,97222266;1
210659;5,20071E+18;5;3;15;0;2020;7;7;3;3;0;1;0;1;0;0;0;0;0;353965,514;5647214,391;6,920617584;50,95801317;0
210670;5,20072E+18;5;3;15;0;2020;7;12;6;3;2;6;0;0;1;0;1;0;0;359432,8234;5643712,08;6,999766329;50,9278972;0
210683;5,20072E+18;5;3;15;0;2020;7;23;6;2;0;1;2;1;0;0;0;0;0;353999,1123;5642876,961;6,922833736;50,91904261;0
210686;5,20072E+18;5;3;15;0;2020;7;9;4;3;5;5;0;0;1;0;0;0;0;361445,6298;5645285,974;7,027791344;50,94252918;0
210688;5,20072E+18;5;3;15;0;2020;7;1;4;3;0;1;2;0;1;0;0;0;0;359974,88;5646310,347;7,006476018;50,95138005;1
210691;5,20072E+18;5;3;15;0;2020;7;15;4;2;6;7;0;0;1;1;0;0;0;355228,4914;5647295,427;6,938556358;50,95906011;0
210692;5,20072E+18;5;3;15;0;2020;7;12;4;3;1;1;0;1;1;0;0;0;0;352544,2665;5654257,507;6,897536242;51,02094396;0
210695;5,20072E+18;5;3;15;0;2020;7;16;4;2;4;2;0;0;1;0;1;0;0;350502,913;5652070,28;6,869352619;51,00076184;0
210699;5,20071E+18;5;3;15;0;2020;7;17;3;3;5;2;0;1;0;0;1;0;0;357891,9292;5642710,147;6,978244778;50,91851528;1
210700;5,20072E+18;5;3;15;0;2020;7;8;4;3;5;3;0;1;0;0;0;0;1;355172,3584;5647136,531;6,937820849;50,95761805;0
210703;5,20072E+18;5;3;15;0;2020;7;23;4;3;1;1;2;1;1;0;0;0;0;355319,1455;5645075,404;6,940728408;50,93913206;0
210705;5,20072E+18;5;3;15;0;2020;7;14;5;3;5;2;0;0;1;0;0;0;1;358252,3406;5640732,63;6,984136994;50,90083185;1
210708;5,20071E+18;5;3;15;0;2020;7;17;3;3;0;1;0;0;0;0;1;0;0;355674,5608;5643894,867;6,946251137;50,92861185;1
210709;5,20072E+18;5;3;15;0;2020;7;12;4;3;1;5;0;1;1;0;0;0;0;355304,6293;5644594,466;6,94071292;50,93480633;0
210712;5,20072E+18;5;3;15;0;2020;7;15;4;3;0;4;0;1;0;1;0;0;0;356162,477;5645043,352;6,952736152;50,93905499;0
210719;5,20072E+18;5;3;15;0;2020;7;12;6;3;0;3;0;1;1;0;0;0;0;355368,5907;5649000,811;6,939871833;50,97442113;0
210750;5,20071E+18;5;3;15;0;2020;7;23;3;3;0;7;2;0;0;0;1;0;0;348353,9256;5644395,763;6,841947323;50,93123504;1
210760;5,20072E+18;5;3;15;0;2020;7;18;5;2;6;1;0;0;1;1;0;0;0;363572,2173;5638866,459;7,060443308;50,88534112;1
210791;5,20072E+18;5;3;15;0;2020;7;19;6;3;3;6;0;0;1;0;1;0;0;358633,009;5639773,896;6,989918203;50,89230891;0
210806;5,20071E+18;5;3;15;0;2020;7;9;3;3;0;1;0;0;0;0;0;0;1;358908,5568;5643515,398;6,992387155;50,92600162;0
210812;5,20072E+18;5;3;15;0;2020;7;9;5;3;5;3;0;1;1;0;0;0;0;357172,2626;5642015,797;6,96828486;50,9120975;1
210816;5,20071E+18;5;3;15;0;2020;7;15;3;2;9;1;0;0;0;0;1;0;0;356984,2609;5639281,234;6,966683368;50,88747547;0
210828;5,20072E+18;5;3;15;0;2020;7;10;6;3;0;7;0;1;0;0;0;0;0;358507,9744;5644388,545;6,986352046;50,93375052;0
210841;5,20072E+18;5;3;15;0;2020;7;0;6;3;1;1;2;1;1;0;0;0;0;354193,4458;5643266,526;6,925440855;50,92259266;1
210856;5,20071E+18;5;3;15;0;2020;7;12;3;3;0;7;0;0;1;0;0;0;0;357731,8294;5645132,802;6,975023081;50,94024821;0
210895;5,20072E+18;5;3;15;0;2020;7;15;4;3;0;1;0;1;0;0;0;0;0;361623,9283;5643069,323;7,031169266;50,92265032;0
210900;5,20072E+18;5;3;15;0;2020;7;12;2;3;0;7;0;0;1;0;0;0;1;365259,4007;5642830,105;7,082952201;50,92136081;0
210915;5,20072E+18;5;3;15;0;2020;7;13;3;3;5;3;0;1;0;0;0;1;0;351302,2141;5647216,543;6,882721468;50,95735143;0
210921;5,20072E+18;5;3;15;0;2020;7;17;1;3;0;1;0;1;0;0;0;0;0;364424,0272;5648629,899;7,068914687;50,97329063;0
210943;5,20072E+18;5;3;15;0;2020;7;22;4;3;1;5;2;1;1;0;0;0;0;360291,5494;5647796,561;7,010410971;50,96481371;0
210948;5,20072E+18;5;3;15;0;2020;7;17;2;3;5;6;0;1;0;0;0;0;0;354233,3616;5644182,694;6,925642097;50,93083609;0
210959;5,20072E+18;5;3;15;0;2020;7;1;4;2;6;4;2;0;1;1;0;0;0;356237,433;5644222,165;6,954126248;50,93169379;0
210968;5,20072E+18;5;3;15;0;2020;7;0;3;3;5;2;0;1;0;0;0;0;0;360101,554;5638337,003;7,011335849;50,87975276;0
210982;5,20072E+18;5;3;15;0;2020;7;13;4;3;4;2;0;0;1;0;1;0;0;364567,3203;5640823,357;7,073856261;50,90316303;0
210988;5,20072E+18;5;3;15;0;2020;7;3;1;3;8;1;2;0;1;0;0;0;0;355437,5912;5649453,345;6,940674055;50,97850525;0
210990;5,20072E+18;5;3;15;0;2020;7;2;1;3;0;1;2;0;0;0;0;0;1;356197,8749;5646275,079;6,95275332;50,95013315;0
210995;5,20072E+18;5;3;15;0;2020;7;8;4;3;1;5;0;0;1;0;0;1;0;351850,3419;5650770,155;6,889072657;50,98942691;0
210998;5,20072E+18;5;3;15;0;2020;7;2;1;3;6;6;2;1;0;1;0;0;0;356622,1348;5645004,742;6,959289289;50,93882249;0
211014;5,20072E+18;5;3;15;0;2020;7;1;7;2;1;5;2;1;1;0;0;0;0;357731,3865;5644984,71;6,975074612;50,9389172;0
211017;5,20072E+18;5;3;15;0;2020;7;10;7;3;5;2;0;1;1;0;0;0;0;356859,8596;5649891,819;6,960748136;50,98280104;0
211020;5,20072E+18;5;3;15;0;2020;7;16;7;3;5;7;0;1;0;0;0;0;0;356770,8701;5649002,69;6,959831535;50,97478846;0
211022;5,20072E+18;5;3;15;0;2020;7;17;3;3;1;3;0;1;0;0;0;0;0;355689,1948;5647199,21;6,945150082;50,95831099;0
211026;5,20072E+18;5;3;15;0;2020;7;22;7;2;6;7;1;0;1;1;0;0;0;356695,1975;5642345,851;6,961373593;50,91494542;0
211030;5,20072E+18;5;3;15;0;2020;7;13;7;3;0;1;0;1;0;0;0;0;0;354242,82;5642575,467;6,926419024;50,91639477;0
211033;5,20072E+18;5;3;15;0;2020;7;13;7;3;8;6;0;0;1;0;0;0;0;355175,3173;5645940,317;6,938338807;50,94686871;0
211038;5,20072E+18;5;3;15;0;2020;7;21;7;3;6;4;1;0;1;1;0;0;0;356647,5573;5645586,578;6,959421923;50,94405769;0
211049;5,20072E+18;5;3;15;0;2020;7;16;7;3;6;4;0;0;1;1;0;0;0;356443,3283;5643984,005;6,95714813;50,92960476;0
211050;5,20072E+18;5;3;15;0;2020;7;20;4;2;0;1;0;1;0;0;0;0;0;366091,945;5648109,91;7,09284909;50,96900742;0
211054;5,20072E+18;5;3;15;0;2020;7;15;7;3;5;2;0;1;1;0;0;0;0;354295,4363;5644195,854;6,926519583;50,93097004;0
211055;5,20072E+18;5;3;15;0;2020;7;16;2;3;5;4;0;0;1;1;0;0;0;359147,6219;5646337,112;6,994695762;50,95141901;0
211065;5,20072E+18;5;3;15;0;2020;7;18;4;3;1;5;0;1;1;0;0;0;0;354742,4278;5645064,604;6,932529878;50,93889001;0
211074;5,20072E+18;5;3;15;0;2020;7;15;3;3;2;6;0;0;1;0;0;0;0;353127,3079;5645400,401;6,90942256;50,94149857;0
211095;5,20072E+18;5;3;15;0;2020;7;17;1;3;0;1;0;0;0;0;1;0;0;359878,584;5646275,165;7,00511949;50,95104046;0
211101;5,20072E+18;5;3;15;0;2020;7;14;4;2;0;5;0;0;1;0;1;0;0;356039,9796;5649945,406;6,949054437;50,98307819;0
211105;5,20072E+18;5;3;15;0;2020;7;16;2;3;1;5;0;0;1;0;1;0;0;356662,8527;5642734,349;6,960761126;50,91842879;0
211123;5,20072E+18;5;3;15;0;2020;7;22;3;3;5;3;2;0;1;0;0;0;0;355793,5597;5644597,651;6,947665277;50,93495741;0
211128;5,20072E+18;5;3;15;0;2020;7;19;3;3;5;3;0;1;1;0;0;0;0;362906,8793;5643709,805;7,049171056;50,92871286;0
211142;5,20072E+18;5;3;15;0;2020;7;12;1;3;0;7;0;1;1;0;0;0;0;355939,8094;5642929,777;6,950404315;50,92000503;0
211150;5,20072E+18;5;3;15;0;2020;7;18;4;2;5;3;0;1;1;0;0;0;0;351081,2726;5646096,482;6,880035981;50,94722905;0
211152;5,20073E+18;5;3;15;0;2020;7;0;1;3;0;7;2;1;0;0;0;0;0;356399,8573;5645355,46;6,9559895;50,94191903;0
211153;5,20073E+18;5;3;15;0;2020;7;17;1;3;0;5;0;1;1;0;0;0;0;355558,6507;5643620,859;6,94471143;50,92612037;0
211170;5,20072E+18;5;3;15;0;2020;7;16;5;3;5;2;0;1;0;0;1;0;0;356176,8573;5647574,336;6,951940924;50,96180409;0
211173;5,20072E+18;5;3;15;0;2020;7;16;5;3;0;2;0;0;1;0;1;0;0;356121,4576;5646561,362;6,95155301;50,95268686;0
211178;5,20072E+18;5;3;15;0;2020;7;7;5;3;3;6;0;1;1;0;0;0;0;357582,1054;5634852,383;6,9769017;50,84782069;0
211182;5,20072E+18;5;3;15;0;2020;7;12;5;3;0;1;0;1;0;0;0;0;0;353390,151;5643024,46;6,914116831;50,92021374;0
211207;5,20073E+18;5;3;15;0;2020;7;10;7;3;5;3;0;1;1;0;0;0;0;360937,1076;5644064,815;7,021023606;50,93143192;0
211209;5,20073E+18;5;3;15;0;2020;7;19;7;2;0;1;0;1;0;0;0;0;0;353992,2801;5643985,363;6,922292793;50,92900176;0
211211;5,20073E+18;5;3;15;0;2020;7;18;7;3;6;4;0;1;1;1;0;0;0;356457,9662;5645937,6;6,956586637;50,94716511;0
211212;5,20073E+18;5;3;15;0;2020;7;22;7;3;2;2;2;1;1;0;0;0;0;356475,6719;5646087,17;6,956779568;50,94851368;0
211215;5,20073E+18;5;3;15;0;2020;7;21;7;3;0;1;2;1;1;0;0;0;0;355160,4259;5644069,413;6,938870705;50,9300516;0
211220;5,20073E+18;5;3;15;0;2020;7;10;2;3;0;5;0;0;1;0;0;0;0;356798,1925;5641665,114;6,963104939;50,90885324;0
211258;5,20073E+18;5;3;15;0;2020;7;14;1;2;6;4;0;0;1;1;0;0;0;360800,694;5645282,341;7,018618453;50,94234118;0
211286;5,20072E+18;5;3;15;0;2020;7;12;6;3;5;2;0;1;0;0;0;0;1;359614,819;5646469,314;7,001291897;50,95272111;0
211287;5,20072E+18;5;3;15;0;2020;7;13;6;3;5;3;0;1;0;0;0;0;0;360705,574;5646606,729;7,016758752;50,95422074;0
211289;5,20073E+18;5;3;15;0;2020;7;17;1;3;1;5;0;0;1;0;0;0;0;360664,5272;5644312,169;7,017052487;50,93358915;0
211290;5,20072E+18;5;3;15;0;2020;7;19;6;3;1;5;0;0;1;0;0;0;0;357802,4259;5647146,714;6,97524077;50,95836457;0
211291;5,20072E+18;5;3;15;0;2020;7;13;6;2;1;1;0;0;1;0;1;0;0;353556,796;5646124,836;6,915240259;50,94811804;0
211294;5,20072E+18;5;3;15;0;2020;7;8;6;3;3;2;0;0;1;0;1;0;0;357147,139;5642090,436;6,967898498;50,91276206;0
211303;5,20073E+18;5;3;15;0;2020;7;16;1;3;3;6;0;1;0;0;0;0;0;365612,5886;5646186,699;7,086736308;50,95161085;0
211315;5,20073E+18;5;3;15;0;2020;7;16;1;3;3;7;0;1;1;0;0;0;0;357632,5295;5645139,255;6,973608118;50,94028169;0
211329;5,20073E+18;5;3;15;0;2020;7;10;2;3;3;7;0;1;0;0;0;0;1;352475,1462;5647216,585;6,899410549;50,95765327;0
211355;5,20073E+18;5;3;15;0;2020;7;12;1;3;0;1;0;1;0;0;0;0;0;349938,6925;5659863,121;6,858089885;51,07064272;0
211357;5,20073E+18;5;3;15;0;2020;7;9;1;3;0;1;0;0;0;0;1;0;0;350526,6349;5650217,286;6,870452979;50,98411645;1
211367;5,20073E+18;5;3;15;0;2020;7;15;1;3;5;3;0;1;1;0;0;0;0;352217,8822;5644826,102;6,896720087;50,93610525;0
211406;5,20073E+18;5;3;15;0;2020;7;6;1;3;0;1;0;1;0;0;0;0;0;355416,6693;5645180,674;6,94207375;50,94010256;1
211417;5,20073E+18;5;3;15;0;2020;7;15;2;3;5;3;0;1;0;0;0;0;0;347395,1165;5647839,287;6,826870175;50,96192606;0
211444;5,20073E+18;5;3;15;0;2020;7;17;5;3;5;2;0;1;1;0;0;0;0;360056,533;5643320,836;7,008785978;50,92453267;0
211448;5,20073E+18;5;3;15;0;2020;7;18;4;3;4;6;0;0;1;0;0;0;1;354207,2878;5657302,655;6,920006014;51,04873334;0
211449;5,20073E+18;5;3;15;0;2020;7;18;3;3;9;1;0;1;0;0;0;0;0;365155,3306;5643475,16;7,081233866;50,92713397;0
211451;5,20073E+18;5;3;15;0;2020;7;11;3;3;5;3;0;1;1;0;0;0;0;359609,3058;5646956,526;7,001025545;50,95709839;0
211453;5,20073E+18;5;3;15;0;2020;7;16;3;3;5;3;0;0;1;0;0;0;0;351793,5834;5655303,222;6,886413089;51,0301481;0
211459;5,20073E+18;5;3;15;0;2020;7;13;3;3;5;5;0;0;1;0;0;0;1;356959,8704;5648935,717;6,962548197;50,97423356;0
211461;5,20073E+18;5;3;15;0;2020;7;17;4;3;4;7;0;1;1;0;0;0;0;355504,56;5644634,922;6,943540307;50,93522002;0
211463;5,20073E+18;5;3;15;0;2020;7;17;3;3;1;5;0;0;1;0;0;0;0;351932,0811;5649143,169;6,890899319;50,97482715;0
211470;5,20073E+18;5;3;15;0;2020;7;12;3;3;0;1;0;1;0;0;0;0;0;360943,286;5639541,761;7,022835063;50,89078348;0
211475;5,20073E+18;5;3;15;0;2020;7;17;3;3;0;7;0;0;1;0;0;0;0;352501,273;5643685,12;6,901212196;50,92592428;0
211477;5,20073E+18;5;3;15;0;2020;7;17;3;3;0;5;0;1;1;0;0;0;0;354024,8415;5644539,455;6,922533914;50,93398946;0
211479;5,20073E+18;5;3;15;0;2020;7;17;3;3;0;3;0;1;1;0;0;0;0;355821,6066;5645220,974;6,947817516;50,94056612;0
211481;5,20073E+18;5;3;15;0;2020;7;13;3;3;2;6;0;0;0;0;0;0;1;356197,523;5643570,776;6,953815629;50,92582989;0
211483;5,20073E+18;5;3;15;0;2020;7;9;3;3;5;2;0;1;1;0;0;0;0;356026,2421;5646175,91;6,950350744;50,9491991;0
211495;5,20073E+18;5;3;15;0;2020;7;6;5;3;5;6;0;0;1;0;0;0;0;353023,0472;5646127,37;6,907646217;50,94800497;0
211514;5,20073E+18;5;3;15;0;2020;7;17;4;3;4;2;0;1;1;0;0;0;0;355079,7047;5644895,151;6,937394454;50,93745204;0
211552;5,20073E+18;5;3;15;0;2020;7;13;5;3;0;7;0;0;0;1;0;0;1;363928,4591;5645306,983;7,06310276;50,94330932;0
211556;5,20073E+18;5;3;15;0;2020;7;15;4;2;5;3;0;0;1;0;1;0;0;361938,5431;5648458,052;7,033599876;50,97115574;0
211565;5,20073E+18;5;3;15;0;2020;7;16;5;3;6;4;0;0;1;1;0;0;0;356538,3136;5645708,34;6,957819968;50,94512478;0
211569;5,20073E+18;5;3;15;0;2020;7;7;4;3;5;3;0;0;1;0;1;0;0;356712,5897;5645521,735;6,96037252;50,94349113;0
211604;5,20073E+18;5;3;15;0;2020;7;17;5;3;5;2;0;1;0;0;0;0;0;356178,3871;5646509,626;6,952383419;50,95223613;0
211623;5,20073E+18;5;3;15;0;2020;7;15;4;3;0;3;0;1;1;0;0;0;0;357381,2459;5649463,377;6,968339197;50,97908009;0
211660;5,20073E+18;5;3;15;0;2020;7;0;4;2;8;6;2;0;0;0;1;0;0;357608,289;5645472,758;6,973132958;50,94327288;0
211668;5,20073E+18;5;3;15;0;2020;7;12;5;3;0;1;0;1;0;0;0;0;0;359195,2394;5639063,852;6,998180903;50,88606495;0
211672;5,20073E+18;5;3;15;0;2020;7;13;4;3;6;4;0;1;0;1;0;0;0;354069,7423;5642750,859;6,923888338;50,91792723;0
211716;5,2008E+18;5;3;15;0;2020;8;14;2;3;5;3;0;1;1;0;0;0;0;359228,5273;5642678,641;6,997260087;50,91855975;0
211717;5,2008E+18;5;3;15;0;2020;8;17;2;3;5;3;0;1;1;0;0;0;0;357278,7581;5648691,351;6,967183258;50,97211659;0
211718;5,2008E+18;5;3;15;0;2020;8;14;2;2;1;5;0;0;1;0;1;0;0;357148,0795;5648779,975;6,965288407;50,97288065;0
211719;5,2008E+18;5;3;15;0;2020;8;14;2;3;0;1;0;1;0;0;0;0;0;357484,6665;5640461,897;6,973332468;50,8982098;0
211722;5,2008E+18;5;3;15;0;2020;8;8;2;3;1;5;0;0;1;0;1;0;0;355540,4843;5642432,219;6,944923918;50,91543372;0
211829;5,2008E+18;5;3;15;0;2020;8;20;1;3;0;7;0;1;0;1;0;0;0;361484,5626;5640985,31;7,029978765;50,9038872;0
211830;5,2008E+18;5;3;15;0;2020;8;12;1;2;0;1;0;1;0;0;0;0;0;363873,6451;5633488,528;7,066726499;50,8370776;0
211831;5,2008E+18;5;3;15;0;2020;8;17;1;3;1;6;0;0;1;0;0;0;0;359074,959;5644748,464;6,994276619;50,93712396;0
211834;5,2008E+18;5;3;15;0;2020;8;3;1;2;1;5;2;0;1;0;0;0;1;360012,3407;5645661,979;7,007258254;50,94556217;0
211835;5,2008E+18;5;3;15;0;2020;8;17;1;3;5;2;0;0;1;0;0;0;0;359593,502;5650557,034;6,999410392;50,98945251;0
211836;5,2008E+18;5;3;15;0;2020;8;18;1;2;5;3;0;1;1;0;0;0;0;354476,3269;5645364,819;6,928625154;50,94152086;0
211838;5,2008E+18;5;3;15;0;2020;8;18;1;3;5;2;0;0;1;0;0;0;0;356100,5774;5640708,496;6,953565932;50,90008272;0
211840;5,2008E+18;5;3;15;0;2020;8;18;1;3;6;7;0;1;0;1;0;0;0;356803,6431;5644759,218;6,961967457;50,93666108;0
211842;5,2008E+18;5;3;15;0;2020;8;17;1;3;1;5;0;1;1;0;0;0;0;355554,415;5643429,716;6,944726922;50,92440155;0
211891;5,20073E+18;5;3;15;0;2020;7;13;6;3;4;6;0;1;0;0;0;0;1;360836,6691;5644950,542;7,01925695;50,93936792;0