OBJECTID;UIDENTSTLAE;ULAND;UREGBEZ;UKREIS;UGEMEINDE;UJAHR;UMONAT;USTUNDE;UWOCHENTAG;UKATEGORIE;UART;UTYP1;ULICHTVERH;IstRad;IstPKW;IstFuss;IstKrad;IstGkfz;IstSonstige;LINREFX;LINREFY;XGCSWGS84;YGCSWGS84;STRZUSTAND
215328;5,20092E+18;5;3;15;0;2020;9;17;3;3;6;4;0;0;1;1;0;0;0;362149,8408;5651607,796;7,035412576;50,99951384;0
215339;5,20092E+18;5;3;15;0;2020;9;17;3;2;0;1;0;1;0;0;0;0;0;353729,7145;5643132,275;6,918901302;50,92126881;0
215344;5,20092E+18;5;3;15;0;2020;9;18;2;3;5;2;0;1;1;0;0;0;0;357112,5597;5649258,909;6,964594605;50,97717595;0
215346;5,20092E+18;5;3;15;0;2020;9;6;4;3;5;2;1;1;1;0;0;0;0;356062,9225;5643471,729;6,951940788;50,9249062;0
215350;5,20092E+18;5;3;15;0;2020;9;22;4;3;5;2;2;0;1;0;0;0;0;355783,3507;5652125,744;6,944535148;51,00260806;0
215356;5,20092E+18;5;3;15;0;2020;9;17;2;3;5;3;0;1;1;0;0;0;0;350180,3278;5644449,802;6,867897011;50,93219795;0
215357;5,20092E+18;5;3;15;0;2020;9;8;2;3;2;6;0;0;1;0;1;0;0;353215,4704;5647213,126;6,909945816;50,95781124;0
215364;5,20092E+18;5;3;15;0;2020;9;12;2;3;0;1;0;0;0;0;0;0;1;353303,1688;5645794,12;6,911765411;50,94508154;0
215368;5,20092E+18;5;3;15;0;2020;9;19;2;3;0;3;2;0;0;0;1;1;0;359707,9075;5638905,062;7,005525728;50,8847626;0
215378;5,20092E+18;5;3;15;0;2020;9;20;2;3;3;2;2;0;1;0;0;0;0;356762,8355;5641884,756;6,962516155;50,91081837;0
215381;5,20092E+18;5;3;15;0;2020;9;10;3;3;5;3;0;1;1;0;0;0;0;354537,236;5645319,209;6,929509737;50,94112635;0
215390;5,20092E+18;5;3;15;0;2020;9;15;2;3;0;7;0;0;1;0;0;0;1;354333,1264;5643216,336;6,92744691;50,9221769;0
215393;5,20092E+18;5;3;15;0;2020;9;23;3;3;0;1;2;0;0;0;0;0;1;356359,7388;5646034,261;6,955151131;50,94800932;0
215399;5,20092E+18;5;3;15;0;2020;9;15;2;3;0;1;0;1;0;0;0;0;0;353672,0438;5652584,466;6,914279751;51,00619728;1
215403;5,20092E+18;5;3;15;0;2020;9;17;2;2;5;3;0;0;1;0;1;0;0;359650,0344;5646820,229;7,001657645;50,95588339;0
215405;5,20092E+18;5;3;15;0;2020;9;15;4;3;0;2;0;0;1;1;0;0;0;351267,5787;5648291,466;6,881789273;50,96700219;0
215410;5,20092E+18;5;3;15;0;2020;9;15;2;3;5;3;0;0;1;0;0;0;0;353215,8484;5643739,078;6,911351065;50,92659144;0
215412;5,20092E+18;5;3;15;0;2020;9;7;2;2;5;3;1;1;1;0;0;0;0;355429,6539;5643261,216;6,943019759;50,92285602;0
215437;5,20092E+18;5;3;15;0;2020;9;17;3;3;1;2;0;0;1;0;1;0;0;363913,456;5638705,053;7,06535175;50,88397096;1
215444;5,20092E+18;5;3;15;0;2020;9;9;4;3;0;2;0;1;1;0;0;0;0;359354,111;5643118,751;6,998875868;50,92254569;0
215449;5,20092E+18;5;3;15;0;2020;9;18;3;3;5;3;0;1;1;0;0;0;0;356230,7462;5640935,681;6,955326384;50,90215684;0
215454;5,20092E+18;5;3;15;0;2020;9;20;2;3;0;1;2;1;0;0;0;0;0;362461,628;5649035,256;7,040827139;50,97646838;0
215457;5,20092E+18;5;3;15;0;2020;9;17;4;3;0;4;0;1;0;1;0;0;0;354237,3358;5642038,86;6,926555436;50,91157104;0
215465;5,20092E+18;5;3;15;0;2020;9;17;2;3;5;3;0;1;1;0;0;0;0;356234,212;5650151,004;6,951738365;50,98497439;0
215476;5,20092E+18;5;3;15;0;2020;9;11;1;3;0;6;0;0;1;0;1;0;0;359897,8413;5645750,086;7,005595502;50,94632619;0
215478;5,20092E+18;5;3;15;0;2020;9;14;1;3;5;3;0;0;1;0;0;0;0;364428,198;5649479,802;7,068657111;50,98093005;0
215481;5,20092E+18;5;3;15;0;2020;9;10;1;2;6;4;0;1;0;1;0;0;0;356398,8654;5648068,402;6,95490518;50,96629955;0
215483;5,20092E+18;5;3;15;0;2020;9;14;1;3;6;4;0;0;1;1;0;0;0;353710,1538;5646117,353;6,917424918;50,94808973;0
215488;5,20092E+18;5;3;15;0;2020;9;13;3;3;5;3;0;1;0;0;0;0;1;357428,906;5649163,671;6,969135218;50,97639846;0
215489;5,20092E+18;5;3;15;0;2020;9;13;1;3;0;7;0;0;0;0;0;0;1;356550,9107;5641485,52;6,959660583;50,90717784;0
215491;5,20092E+18;5;3;15;0;2020;9;12;1;2;5;3;0;0;1;0;0;0;0;355183,283;5643730,716;6,939330291;50,92701353;0
215494;5,20092E+18;5;3;15;0;2020;9;0;1;3;0;1;2;1;0;0;0;0;0;355134,6949;5644047,758;6,938513402;50,92985052;0
215499;5,20092E+18;5;3;15;0;2020;9;19;3;3;0;5;1;1;1;0;0;0;0;356402,9108;5645623,329;6,955927333;50,94432709;0
215504;5,20092E+18;5;3;15;0;2020;9;17;2;3;5;3;0;1;1;0;0;0;0;351917,1677;5654435,908;6,888528528;51,02238597;0
215509;5,20092E+18;5;3;15;0;2020;9;8;4;3;0;1;0;0;0;0;0;0;1;349982,396;5659211,975;6,85898331;51,06480287;0
215540;5,20092E+18;5;3;15;0;2020;9;7;5;3;0;1;1;1;0;0;0;0;0;366323,8866;5636395,907;7,100442972;50,86377968;1
215543;5,20092E+18;5;3;15;0;2020;9;15;5;3;2;6;0;0;1;0;1;0;0;363253,667;5639558,474;7,05565836;50,89148528;0
215548;5,20092E+18;5;3;15;0;2020;9;15;5;3;2;6;0;0;1;0;0;0;0;357764,0991;5648314,408;6,974238892;50,96884909;0
215552;5,20092E+18;5;3;15;0;2020;9;9;5;3;3;6;0;0;1;0;1;0;0;357417,341;5648837,114;6,96909865;50,97346087;0
215553;5,20093E+18;5;3;15;0;2020;9;19;7;3;1;5;1;0;1;0;1;0;0;362959,9991;5639753,891;7,051412082;50,89317199;1
215554;5,20092E+18;5;3;15;0;2020;9;13;5;3;6;1;0;0;1;1;0;0;0;348859,2262;5646220,361;6,848375831;50,94776396;0
215556;5,20093E+18;5;3;15;0;2020;9;15;7;3;1;7;0;0;1;0;0;0;0;356289,7289;5648536,135;6,953167169;50,97047577;1
215557;5,20092E+18;5;3;15;0;2020;9;11;5;3;0;3;0;1;1;0;0;0;0;355211,4344;5648403,602;6,937872626;50,96901469;0
215558;5,20093E+18;5;3;15;0;2020;9;12;7;3;5;3;0;1;1;0;0;0;0;357562,1275;5649460,386;6,97091537;50,97909797;1
215559;5,20093E+18;5;3;15;0;2020;9;20;7;3;4;2;1;0;1;0;0;0;1;353023,907;5645826,275;6,907779964;50,94529937;1
215560;5,20093E+18;5;3;15;0;2020;9;19;7;2;1;7;2;0;1;0;0;0;0;356770,0599;5635343,099;6,965182109;50,8520303;1
215561;5,20093E+18;5;3;15;0;2020;9;2;7;3;1;5;2;0;1;0;1;0;0;360429,0243;5636928,576;7,016525409;50,86717399;1
215562;5,20092E+18;5;3;15;0;2020;9;14;5;3;3;6;0;0;1;0;0;1;0;357439,2409;5649651,205;6,969091137;50,98078243;0
215563;5,20093E+18;5;3;15;0;2020;9;15;1;3;5;3;0;1;1;0;0;0;0;360070,9938;5645405,536;7,00819117;50,94327172;0
215565;5,20093E+18;5;3;15;0;2020;9;5;7;3;2;6;2;0;1;0;0;0;0;356209,9022;5645031,774;6,953415271;50,93896277;1
215566;5,20093E+18;5;3;15;0;2020;9;2;7;3;0;1;2;0;0;0;0;0;1;356685,3969;5644703,592;6,960307544;50,9361318;1
215567;5,20092E+18;5;3;15;0;2020;9;17;5;3;2;6;0;0;1;0;0;0;0;356713,3532;5642164,421;6,96170295;50,91331943;0
215568;5,20093E+18;5;3;15;0;2020;9;1;7;2;0;7;2;0;0;0;1;0;0;357122,4219;5646739,601;6,965724478;50,95453768;1
215572;5,20092E+18;5;3;15;0;2020;9;21;5;3;1;7;2;1;1;0;0;0;0;354772,5456;5643272,696;6,933672183;50,92279416;0
215578;5,20092E+18;5;3;15;0;2020;9;8;5;3;0;5;0;1;1;0;0;0;0;354355,6502;5641670,542;6,928384249;50,90829092;0
215580;5,20092E+18;5;3;15;0;2020;9;18;5;3;0;1;0;1;0;0;0;0;0;353713,9254;5643126,088;6,918679298;50,92120921;0
215583;5,20092E+18;5;3;15;0;2020;9;19;5;3;6;4;1;1;0;1;0;0;0;354745,3275;5644912,036;6,932631945;50,93751965;0
215585;5,20092E+18;5;3;15;0;2020;9;10;5;3;6;7;0;0;1;1;0;0;0;356653,819;5642624,077;6,960676025;50,91743554;0
215587;5,20092E+18;5;3;15;0;2020;9;7;5;3;1;5;0;1;1;0;0;0;0;355715,0478;5644453,477;6,946605749;50,93364211;0
215646;5,20093E+18;5;3;15;0;2020;9;17;6;2;1;1;0;0;1;0;1;0;0;357516,6362;5644261,313;6,972302941;50,93236303;1
215648;5,20093E+18;5;3;15;0;2020;9;16;6;3;6;4;0;0;1;1;0;0;0;359950,7183;5648226,27;7,005394894;50,96859278;0
215651;5,20093E+18;5;3;15;0;2020;9;13;6;2;5;3;0;1;0;0;1;0;0;359964,7403;5647237,505;7,005975055;50,95971006;0
215653;5,20093E+18;5;3;15;0;2020;9;4;6;2;5;3;2;0;1;0;1;0;0;356299,6826;5648014,848;6,953514787;50,96579354;1
215654;5,20093E+18;5;3;15;0;2020;9;13;6;2;6;7;0;0;1;1;0;0;0;354978,025;5649259,698;6,934209219;50,97664944;0
215656;5,20093E+18;5;3;15;0;2020;9;9;6;3;0;1;0;0;0;0;1;0;0;354858,2349;5646763,839;6,933499813;50,95418974;0
215657;5,20093E+18;5;3;15;0;2020;9;15;6;3;6;5;0;0;1;1;0;0;0;349706,4415;5644611,429;6,861091442;50,93352709;0
215661;5,20093E+18;5;3;15;0;2020;9;18;6;3;3;5;1;0;1;0;1;0;0;352184,8083;5644648,25;6,896321849;50,9344985;1
215663;5,20093E+18;5;3;15;0;2020;9;9;6;1;5;3;0;1;1;0;0;0;0;353238,6598;5647829,989;6,910026986;50,96336063;0
215664;5,20093E+18;5;3;15;0;2020;9;18;6;3;0;6;0;0;1;0;0;0;0;361213,2273;5637670,331;7,027381358;50,87402921;1
215666;5,20093E+18;5;3;15;0;2020;9;11;6;3;0;7;0;0;1;0;0;0;0;355502,5722;5642234,462;6,944463274;50,91364702;0
215801;5,20093E+18;5;3;15;0;2020;9;14;3;3;5;3;0;0;1;0;1;0;0;355892,7955;5654173,679;6,94528055;51,02103966;1
215803;5,20093E+18;5;3;15;0;2020;9;11;3;3;0;7;0;0;0;0;0;0;1;359338,814;5644562,764;6,99810118;50,93551948;1
215811;5,20093E+18;5;3;15;0;2020;9;7;3;3;0;5;0;1;1;0;0;0;0;359843,9156;5638119,408;7,007759289;50,87773475;1
215845;5,201E+18;5;3;15;0;2020;10;16;5;3;4;2;0;0;1;0;1;0;0;356117,0195;5640732,496;6,953790143;50,9003025;1
215850;5,20093E+18;5;3;15;0;2020;9;13;4;3;5;3;0;1;1;0;0;0;0;359143,2261;5644993,978;6,995152683;50,93934709;0
215852;5,20093E+18;5;3;15;0;2020;9;8;4;3;0;1;0;1;0;0;0;0;0;363707,325;5638606,371;7,062459916;50,88303546;1
215855;5,20093E+18;5;3;15;0;2020;9;14;3;3;1;5;0;1;0;0;0;1;0;357797,4336;5644753,337;6,976104341;50,93685415;0
215858;5,20093E+18;5;3;15;0;2020;9;17;4;3;2;6;0;0;1;0;0;0;0;356687,8824;5648255,183;6,958944829;50,9680501;0
215861;5,20093E+18;5;3;15;0;2020;9;14;4;3;0;1;0;1;0;0;0;0;0;354043,9454;5645279,357;6,922509223;50,94064355;0
215863;5,20093E+18;5;3;15;0;2020;9;10;3;3;0;1;0;1;0;0;0;0;0;355159,5862;5644068,706;6,938859045;50,93004503;1
215865;5,20093E+18;5;3;15;0;2020;9;8;3;3;0;7;0;1;1;0;0;0;0;354192,4364;5646583,72;6,924099084;50,95240301;1
215868;5,20093E+18;5;3;15;0;2020;9;11;4;3;5;2;0;1;1;0;0;0;0;355469,9959;5644629,237;6,943050984;50,93516027;0
215905;5,20093E+18;5;3;15;0;2020;9;5;3;3;7;1;2;0;0;0;1;0;0;352122,2731;5652429,363;6,892268828;51,00440717;0
215918;5,20093E+18;5;3;15;0;2020;9;5;3;2;8;7;2;0;1;0;0;0;0;353745,9312;5643813,638;6,918858581;50,92739612;0
215960;5,20093E+18;5;3;15;0;2020;9;10;3;3;0;7;0;0;0;1;0;1;0;359598,6658;5645260,905;7,001527966;50,94185708;1
215968;5,20093E+18;5;3;15;0;2020;9;7;3;3;4;6;1;1;0;0;0;0;0;356183,8048;5645039,799;6,953040909;50,93902838;1
215972;5,20093E+18;5;3;15;0;2020;9;14;3;3;1;2;0;1;1;0;0;0;0;352493,005;5644828,916;6,900631766;50,93620097;1
216001;5,201E+18;5;3;15;0;2020;10;11;5;3;5;3;0;0;1;0;0;0;0;357437,1755;5641670,396;6,972185639;50,90905887;0
216011;5,20093E+18;5;3;15;0;2020;9;14;3;2;8;1;0;0;1;0;0;0;0;352146,3517;5653572,799;6,892145884;51,01468873;1
216023;5,20093E+18;5;3;15;0;2020;9;6;3;3;4;2;2;1;1;0;0;0;0;353718,7506;5643881,258;6,918444952;50,92799691;0
216028;5,20093E+18;5;3;15;0;2020;9;16;2;3;2;2;0;0;1;0;0;0;0;363271,6033;5640481,868;7,055567551;50,89978852;1
216039;5,20093E+18;5;3;15;0;2020;9;8;2;2;6;4;0;0;1;1;0;0;0;352878,0293;5642649,861;6,906986925;50,91671702;0
216047;5,20093E+18;5;3;15;0;2020;9;14;2;3;1;6;0;0;1;0;0;0;0;354537,762;5644205,703;6,929961713;50,93111971;0
216048;5,201E+18;5;3;15;0;2020;10;20;1;3;0;7;2;0;1;0;1;0;0;363083,8792;5651390,134;7,048797921;50,99778067;1
216052;5,201E+18;5;3;15;0;2020;10;14;7;3;5;3;0;0;1;0;0;0;0;365852,698;5636341,733;7,093771127;50,86318365;1
216073;5,20101E+18;5;3;15;0;2020;10;16;2;3;3;7;0;0;1;0;0;0;0;349880,0402;5659583,955;6,857369218;51,06811877;1
216099;5,201E+18;5;3;15;0;2020;10;1;1;2;0;1;2;1;0;0;0;0;0;356032,6065;5646181,524;6,950439067;50,94925114;0
216101;5,201E+18;5;3;15;0;2020;10;16;6;3;1;6;0;0;1;0;0;0;1;361443,336;5647376,585;7,026963064;50,96131745;0
216103;5,201E+18;5;3;15;0;2020;10;19;7;3;5;3;2;0;1;0;0;0;0;353386,2409;5654847,159;6,909294331;51,02645817;1
216125;5,20101E+18;5;3;15;0;2020;10;15;2;3;5;3;0;1;1;0;0;0;0;361054,169;5638149,309;7,024940034;50,87829574;0
216138;5,201E+18;5;3;15;0;2020;10;14;6;3;2;7;0;0;1;0;0;0;0;353924,2042;5655539,322;6,916681276;51,03281526;0
216143;5,201E+18;5;3;15;0;2020;10;13;6;3;1;6;0;0;1;0;0;0;0;352770,0285;5647176,761;6,903622446;50,95737081;0
216153;5,201E+18;5;3;15;0;2020;10;4;7;2;3;6;2;1;0;0;0;0;0;352369,9582;5643037,53;6,899607197;50,92007108;0
216181;5,20101E+18;5;3;15;0;2020;10;13;2;3;5;3;0;0;1;0;0;0;0;366083,2091;5647741,739;7,092860294;50,96569643;1
216207;5,201E+18;5;3;15;0;2020;10;17;1;3;4;2;0;0;1;0;1;0;0;356760,9873;5641899,258;6,962484191;50,91094825;0
216211;5,201E+18;5;3;15;0;2020;10;16;7;3;0;7;0;0;0;0;0;0;1;361229,3824;5651975,848;7,022162207;51,00260032;1
216234;5,20101E+18;5;3;15;0;2020;10;14;2;3;5;3;0;0;1;0;0;0;0;353257,0217;5645093,279;6,911391292;50,93877161;0
216264;5,201E+18;5;3;15;0;2020;10;21;7;3;9;1;2;0;1;0;0;0;0;351758,5128;5653271,164;6,886743984;51,01187829;1
216292;5,201E+18;5;3;15;0;2020;10;6;5;3;6;7;1;0;0;1;0;0;1;363517,1313;5638893,748;7,059650454;50,88557337;0
216294;5,201E+18;5;3;15;0;2020;10;6;5;3;5;2;1;1;1;0;0;0;0;356520,129;5652105,954;6,955036815;51,00261443;0
216301;5,201E+18;5;3;15;0;2020;10;20;5;3;4;5;2;0;1;0;0;1;0;358455,0606;5649506,958;6,983608972;50,97973671;1
216310;5,201E+18;5;3;15;0;2020;10;17;5;3;5;3;0;0;1;0;0;0;0;353491,6652;5650114,603;6,912706873;50,98395587;1
216313;5,20101E+18;5;3;15;0;2020;10;8;5;3;0;1;0;1;0;0;0;0;0;357700,9912;5645134,954;6,974583598;50,94025993;1
216315;5,20101E+18;5;3;15;0;2020;10;8;6;3;0;1;0;0;0;0;1;0;0;355702,9606;5642372,225;6,947257442;50,91493521;1
216316;5,20101E+18;5;3;15;0;2020;10;7;5;3;0;3;0;1;1;0;0;0;0;352414,206;5647353,406;6,898487969;50,95886721;0
216317;5,20101E+18;5;3;15;0;2020;10;13;5;3;5;3;0;0;1;0;0;0;1;352921,0249;5645846,238;6,906308411;50,94545253;0
216318;5,20101E+18;5;3;15;0;2020;10;7;5;3;0;1;1;0;0;0;1;0;0;353768,1663;5647412,057;6,917730111;50,95973947;1
216321;5,20101E+18;5;3;15;0;2020;10;14;5;3;5;3;0;0;1;0;0;0;1;354261,2753;5646512,533;6,925106971;50,95178069;0
216323;5,20101E+18;5;3;15;0;2020;10;22;5;3;5;3;2;1;1;0;0;0;0;355270,7027;5641576,872;6,941427906;50,90767927;1
216325;5,20101E+18;5;3;15;0;2020;10;22;5;3;0;3;2;1;1;0;0;0;0;356403,1443;5645423,268;6,956009525;50,94252922;1
216340;5,20101E+18;5;3;15;0;2020;10;10;6;3;6;4;0;0;1;1;0;0;0;355969,8197;5644762,447;6,950106943;50,93648245;1
216351;5,20101E+18;5;3;15;0;2020;10;9;6;3;0;1;0;0;0;0;1;0;0;356197,8102;5645037,547;6,953241003;50,93901164;1
216447;5,20101E+18;5;3;15;0;2020;10;13;4;3;3;5;0;1;0;0;0;0;1;353774,9632;5647456,896;6,91780881;50,96014415;0
216450;5,20101E+18;5;3;15;0;2020;10;16;4;3;0;1;0;0;0;0;0;0;1;353400,2545;5646348,134;6,91292342;50,95008494;0
216451;5,20101E+18;5;3;15;0;2020;10;16;4;3;5;3;0;1;1;0;0;0;0;360651,802;5637619,327;7,019426169;50,87343573;0
216452;5,20101E+18;5;3;15;0;2020;10;7;4;3;0;1;2;1;0;0;0;0;0;354889,9517;5643836,739;6,935117029;50,92789263;1
216453;5,20101E+18;5;3;15;0;2020;10;15;4;3;5;2;0;1;0;0;0;1;0;354262,3219;5640288,54;6,927609339;50,89584765;0
216479;5,20101E+18;5;3;15;0;2020;10;7;6;3;7;4;1;0;1;1;0;0;0;359299,1658;5644514,503;6,997555906;50,93507608;1
216502;5,20101E+18;5;3;15;0;2020;10;12;6;3;6;4;0;0;0;1;0;0;1;359904,6903;5648069,154;7,004800295;50,96716958;0
216511;5,20101E+18;5;3;15;0;2020;10;14;4;3;2;6;0;0;0;0;0;1;1;356906,5949;5638918,81;6,965721812;50,88419913;0
216528;5,20101E+18;5;3;15;0;2020;10;8;5;3;2;6;0;0;1;0;0;0;0;361949,8226;5646535,266;7,034489974;50,95387787;1
216535;5,20101E+18;5;3;15;0;2020;10;18;5;3;6;7;1;0;1;1;0;0;0;363062,3522;5640917,674;7,052430146;50,90365572;1
216537;5,20101E+18;5;3;15;0;2020;10;8;5;2;6;4;0;1;0;1;0;0;0;359318,3609;5644518,471;6,997827379;50,93511643;1
216541;5,20101E+18;5;3;15;0;2020;10;15;5;3;2;6;0;0;1;0;0;0;0;362353,986;5643775,754;7,041283413;50,9291739;1
216546;5,20101E+18;5;3;15;0;2020;10;10;5;2;0;1;0;1;0;0;0;0;0;357776,2467;5644170,873;6,976030311;50,93161432;1
216548;5,20101E+18;5;3;15;0;2020;10;8;5;3;0;3;0;1;0;0;1;0;0;361960,0274;5647390,743;7,034310702;50,96156872;1
216551;5,20101E+18;5;3;15;0;2020;10;17;3;3;1;6;0;1;1;0;0;0;1;365405,3992;5637346,797;7,08704901;50,87211289;1
216552;5,20101E+18;5;3;15;0;2020;10;22;3;3;9;1;2;0;1;0;0;0;0;361811,4182;5650985,963;7,030829186;50,99384413;1
216553;5,20101E+18;5;3;15;0;2020;10;16;3;3;8;1;0;0;1;0;0;0;0;351669,9454;5653217,231;6,88550438;51,0113708;1
216554;5,20101E+18;5;3;15;0;2020;10;9;5;3;0;3;0;1;1;0;0;0;0;359787,0118;5647561,261;7,003321187;50,96257647;1
216556;5,20101E+18;5;3;15;0;2020;10;8;3;2;0;3;0;1;0;0;0;0;1;354599,3729;5643319,06;6,931191474;50,92316721;1
216557;5,20101E+18;5;3;15;0;2020;10;14;3;3;0;1;0;1;0;0;0;0;0;354915,5778;5643858,74;6,935472674;50,92809679;1
216558;5,20101E+18;5;3;15;0;2020;10;12;6;3;6;6;0;0;1;1;0;0;0;357755,6203;5644190,501;6,975729315;50,93178564;1
216559;5,20101E+18;5;3;15;0;2020;10;13;3;3;0;1;0;1;0;0;0;0;0;354916,9127;5643859,887;6,935491199;50,92810743;1
216561;5,20101E+18;5;3;15;0;2020;10;10;6;3;2;6;0;0;1;0;0;0;1;355973,0207;5652129,352;6,947235153;51,002688;1
216562;5,20101E+18;5;3;15;0;2020;10;16;3;3;0;1;0;1;1;0;0;0;0;356408,3916;5643004,501;6,957037045;50,92079336;1
216564;5,20101E+18;5;3;15;0;2020;10;15;5;3;0;2;0;1;1;0;0;0;0;360061,4894;5646340,767;7,007696578;50,95167447;0
216567;5,20101E+18;5;3;15;0;2020;10;15;2;3;5;3;0;1;1;0;0;0;0;352681,0708;5642952,611;6,904064652;50,91938746;1
216571;5,20102E+18;5;3;15;0;2020;10;17;5;3;2;2;0;0;1;0;0;0;1;362850,9046;5641598,493;7,049168918;50,90972434;0
216575;5,20102E+18;5;3;15;0;2020;10;18;5;3;1;5;1;1;1;0;0;0;0;358844,3245;5639797,975;6,992911599;50,892577;0
216580;5,20101E+18;5;3;15;0;2020;10;16;3;3;0;3;0;1;1;0;0;0;0;364838,6715;5648912,64;7,074712023;50,97592921;0
216608;5,20101E+18;5;3;15;0;2020;10;21;2;2;3;7;2;0;1;0;0;0;0;352079,3773;5651053,366;6,892218408;50,99203087;0
216617;5,20101E+18;5;3;15;0;2020;10;10;2;3;0;1;0;1;0;0;0;0;0;356627,5201;5642729,189;6,960260822;50,91837364;1
216621;5,20102E+18;5;3;15;0;2020;10;18;5;3;2;6;0;0;1;0;0;0;0;355475,2248;5651029,566;6,940582867;50,99267973;0
216628;5,20101E+18;5;3;15;0;2020;10;17;4;3;0;3;0;1;0;0;0;0;1;351926,3399;5648984,342;6,890882279;50,97339839;0
216630;5,20102E+18;5;3;15;0;2020;10;16;5;3;5;3;0;1;1;0;0;0;0;355931,4525;5650055,426;6,947465737;50,98403977;0
216655;5,20101E+18;5;3;15;0;2020;10;6;2;3;2;6;2;0;1;0;0;0;0;357015,5151;5639884,728;6,96689124;50,89290681;1
216662;5,20101E+18;5;3;15;0;2020;10;20;7;3;0;1;2;1;0;0;0;0;0;365423,9905;5638755,583;7,086794502;50,88477893;1
216663;5,20101E+18;5;3;15;0;2020;10;18;1;3;0;2;0;0;1;0;1;0;0;363727,382;5643707,483;7,06084047;50,92888641;0
216670;5,20101E+18;5;3;15;0;2020;10;22;7;2;8;1;2;1;0;0;0;0;0;359591,3737;5645108,756;7,001482881;50,94048792;1
216671;5,20101E+18;5;3;15;0;2020;10;12;1;3;1;6;0;0;1;0;1;0;0;350917,607;5652285,306;6,875170224;51,00280172;0
216677;5,20101E+18;5;3;15;0;2020;10;14;7;3;5;3;0;1;1;0;0;0;0;353264,6365;5654771,944;6,907591939;51,02575123;0
216679;5,20102E+18;5;3;15;0;2020;10;13;5;3;0;7;0;1;0;0;0;0;0;354249,3495;5643398,514;6,926182952;50,92379293;0
216680;5,20101E+18;5;3;15;0;2020;10;8;7;3;5;2;0;0;1;0;0;0;0;356102,9632;5643364,133;6,952552593;50,92394924;0
216683;5,20101E+18;5;3;15;0;2020;10;2;7;3;0;1;2;0;0;0;0;0;1;354865,1895;5645081,479;6,934269225;50,93907257;1
216696;5,20101E+18;5;3;15;0;2020;10;14;4;2;5;7;0;1;1;0;0;0;0;353937,7743;5642878,444;6,921961095;50,91904041;0
216704;5,20101E+18;5;3;15;0;2020;10;11;1;2;9;1;0;0;1;0;0;0;0;352083,2529;5653510,997;6,891272176;51,01411712;0
216711;5,20101E+18;5;3;15;0;2020;10;9;2;3;5;3;0;1;1;0;0;0;0;356880,879;5650085,437;6,960971135;50,98454628;1
216714;5,20101E+18;5;3;15;0;2020;10;15;1;3;0;1;0;1;0;0;0;0;0;356775,2412;5645251,375;6,961370032;50,941077;0
216722;5,20101E+18;5;3;15;0;2020;10;21;2;3;5;3;2;1;1;0;0;0;0;356770,623;5644758,373;6,961498151;50,93664529;0
216725;5,20101E+18;5;3;15;0;2020;10;13;1;3;2;6;0;1;1;0;0;0;0;356642,6498;5642691,503;6,960490735;50,91803872;0
216726;5,20102E+18;5;3;15;0;2020;10;5;5;3;5;3;2;0;1;0;0;0;1;360201,9212;5645417,289;7,010049133;50,94340911;0
216730;5,20102E+18;5;3;15;0;2020;10;0;5;3;6;7;2;0;1;1;0;0;0;355515,1803;5643407,014;6,944178042;50,92418771;1
216733;5,20101E+18;5;3;15;0;2020;10;14;4;2;0;6;0;1;0;1;0;0;0;363126,9433;5647657,928;7,050816743;50,96424839;0
216735;5,20101E+18;5;3;15;0;2020;10;23;3;3;8;1;2;0;0;0;1;0;0;356362,6729;5651349,956;6,953093259;50,99578116;0
216762;5,20101E+18;5;3;15;0;2020;10;21;2;2;5;2;2;0;1;0;1;0;0;352337,3658;5645928,798;6,897972428;50,94604526;1
216772;5,20101E+18;5;3;15;0;2020;10;8;2;3;3;6;0;0;1;0;1;0;0;356760,4971;5645503,438;6,961061192;50,9433386;1
216783;5,20102E+18;5;3;15;0;2020;10;10;5;3;1;6;0;0;1;0;0;1;0;353466,191;5645725,217;6,914112114;50,94450379;0
216798;5,20101E+18;5;3;15;0;2020;10;10;4;3;0;3;0;1;0;0;0;0;0;352569,6669;5647205,231;6,900760052;50,95757543;0