OBJECTID;UIDENTSTLAE;ULAND;UREGBEZ;UKREIS;UGEMEINDE;UJAHR;UMONAT;USTUNDE;UWOCHENTAG;UKATEGORIE;UART;UTYP1;ULICHTVERH;IstRad;IstPKW;IstFuss;IstKrad;IstGkfz;IstSonstige;LINREFX;LINREFY;XGCSWGS84;YGCSWGS84;STRZUSTAND
216810;5,20101E+18;5;3;15;0;2020;10;11;2;3;6;7;0;0;1;1;0;0;0;364790,8888;5639516,502;7,077517814;50,89146996;1
216822;5,20102E+18;5;3;15;0;2020;10;8;4;3;0;5;0;1;1;0;0;0;0;353780,0652;5647385,309;6,917910173;50,95950212;1
216824;5,20102E+18;5;3;15;0;2020;10;9;7;1;0;1;0;1;0;0;0;0;0;355803,4135;5642600,67;6,948595192;50,91701332;0
216827;5,20102E+18;5;3;15;0;2020;10;12;3;3;0;1;0;0;0;0;1;0;0;356003,2516;5645211,973;6,950404772;50,94053062;1
216828;5,20102E+18;5;3;15;0;2020;10;23;7;3;5;2;2;0;1;0;1;0;0;356021,7802;5645739,755;6,950459706;50,94527834;0
216847;5,20102E+18;5;3;15;0;2020;10;18;2;3;0;6;0;0;1;1;0;0;0;360800,2196;5645377,934;7,018575174;50,94320018;0
216861;5,20102E+18;5;3;15;0;2020;10;10;2;2;0;1;0;0;0;0;1;0;0;353020,7879;5642936,506;6,908900919;50,91932936;0
216865;5,20102E+18;5;3;15;0;2020;10;11;3;3;0;1;0;0;0;0;1;0;0;354101,1964;5646634,86;6,922780494;50,9528395;1
216867;5,20102E+18;5;3;15;0;2020;10;13;3;3;2;6;0;0;1;0;0;0;0;363242,514;5638898,334;7,055746958;50,88554964;1
216870;5,20102E+18;5;3;15;0;2020;10;15;4;3;5;3;0;1;1;0;0;0;0;354788,642;5646145,908;6,93275611;50,94861904;0
216875;5,20102E+18;5;3;15;0;2020;10;16;3;3;0;1;0;1;1;0;0;0;0;355142,2802;5644408,99;6,938477707;50,93309874;1
216912;5,20102E+18;5;3;15;0;2020;10;11;2;3;6;6;0;0;1;1;0;0;0;359090,4416;5650380,504;6,992315677;50,9877431;0
216917;5,20102E+18;5;3;15;0;2020;10;23;3;2;0;1;2;1;0;0;0;0;0;356555,1092;5646912,425;6,957584512;50,95594991;1
216921;5,20102E+18;5;3;15;0;2020;10;16;4;3;5;3;0;1;1;0;0;0;0;353690,1101;5643955,26;6,918007991;50,92865467;0
216930;5,20102E+18;5;3;15;0;2020;10;18;3;3;2;6;1;0;1;0;0;0;0;355939,33;5642928,619;6,950397957;50,9199945;1
216939;5,20102E+18;5;3;15;0;2020;10;16;1;3;6;4;0;0;1;1;0;0;0;360689,9973;5646362,274;7,016630664;50,95202001;0
216951;5,20102E+18;5;3;15;0;2020;10;20;1;3;6;7;2;0;1;1;0;0;0;360379,9674;5649036,867;7,011193158;50,97598192;1
216966;5,20102E+18;5;3;15;0;2020;10;9;2;2;0;1;0;1;0;0;0;0;0;354902,2601;5647105,025;6,933990192;50,95726697;1
216970;5,20102E+18;5;3;15;0;2020;10;13;1;3;3;6;0;1;0;0;0;0;0;353426,2509;5656579,982;6,909163549;51,04204031;1
216971;5,20102E+18;5;3;15;0;2020;10;15;3;3;0;3;0;1;1;0;0;0;0;356895,766;5650239,803;6,961122295;50,98593724;1
216972;5,20102E+18;5;3;15;0;2020;10;16;1;3;5;3;0;1;1;0;0;0;0;357211,7526;5648695,128;6,96622804;50,97213393;0
216976;5,20102E+18;5;3;15;0;2020;10;12;4;3;0;1;0;1;0;0;0;0;0;353780,4163;5647384,315;6,917915569;50,95949328;1
216981;5,20102E+18;5;3;15;0;2020;10;19;3;3;2;6;2;0;1;0;0;0;0;356150,3668;5644842,209;6,952643315;50,93724433;1
216982;5,20102E+18;5;3;15;0;2020;10;3;6;3;1;5;2;1;1;0;0;0;0;360423,1331;5645054,516;7,013334942;50,9402024;0
216984;5,20102E+18;5;3;15;0;2020;10;19;6;3;0;3;2;1;0;0;0;0;0;358505,85;5644357,409;6,986333921;50,93347018;0
216987;5,20102E+18;5;3;15;0;2020;10;17;6;3;0;7;0;0;0;0;0;0;1;351957,8537;5654235,236;6,889190161;51,02059314;0
216992;5,20102E+18;5;3;15;0;2020;10;11;6;3;4;7;0;0;1;0;1;0;0;355754,5251;5640769,036;6,948624076;50,90054045;0
216997;5,20102E+18;5;3;15;0;2020;10;18;6;3;0;1;0;0;0;0;1;0;0;355966,1096;5644829,011;6,950027864;50,93707973;0
217004;5,20102E+18;5;3;15;0;2020;10;15;2;3;0;7;0;0;1;1;0;0;0;359222,8685;5643067,235;6,997029642;50,9220507;0
217016;5,20102E+18;5;3;15;0;2020;10;8;2;3;3;6;0;1;0;0;0;0;0;355454,5103;5645695,573;6,94240767;50,94473933;0
217023;5,20102E+18;5;3;15;0;2020;10;12;3;2;0;1;0;1;0;0;0;0;0;357615,9514;5644097,218;6,973779464;50,93091285;1
217026;5,20102E+18;5;3;15;0;2020;10;16;4;3;3;6;0;1;1;0;0;0;0;358725,5416;5639282,874;6,991422918;50,88791867;0
217034;5,20102E+18;5;3;15;0;2020;10;17;3;3;0;1;0;1;0;0;0;0;0;354893,7492;5643839,999;6,935169731;50,92792288;0
217066;5,20102E+18;5;3;15;0;2020;10;22;2;3;9;1;2;0;1;0;0;0;0;353731,9005;5653539,023;6,914747543;51,01479065;0
217072;5,20102E+18;5;3;15;0;2020;10;7;3;3;2;6;0;0;1;0;0;1;0;357782,2531;5649013,402;6,974223908;50,97513539;0
217075;5,20102E+18;5;3;15;0;2020;10;19;4;2;0;1;2;1;0;0;0;0;0;354299,4384;5640812,147;6,927927861;50,90056255;1
217082;5,20103E+18;5;3;15;0;2020;10;15;2;3;5;3;0;1;1;0;0;0;0;355130,2063;5644406,948;6,93830681;50,93307736;0
217087;5,20103E+18;5;3;15;0;2020;10;4;2;3;0;7;0;1;1;0;0;0;0;359766,5686;5648691,526;7,002594504;50,97272927;0
217102;5,20103E+18;5;3;15;0;2020;10;3;1;2;0;1;2;0;1;0;0;0;0;356876,9585;5650049,206;6,960929587;50,9842197;0
217119;5,20103E+18;5;3;15;0;2020;10;8;2;3;5;2;0;1;1;0;0;0;0;359178,1138;5639260,162;6,997861936;50,88782505;0
217132;5,20102E+18;5;3;15;0;2020;10;22;6;3;2;6;2;0;1;0;0;0;0;362336,4086;5646314,635;7,040074034;50,95198746;1
217144;5,20102E+18;5;3;15;0;2020;10;7;6;3;5;2;2;1;1;0;0;0;0;356103,3452;5642319,048;6,95297032;50,91455729;1
217152;5,20103E+18;5;3;15;0;2020;10;18;1;2;5;2;2;0;1;0;1;0;0;354858,0325;5644409,29;6,934435164;50,93302998;1
217156;5,20103E+18;5;3;15;0;2020;10;8;3;2;8;1;0;0;0;0;1;0;0;348552,0313;5643898,711;6,844970895;50,92682046;0
217167;5,20103E+18;5;3;15;0;2020;10;11;2;3;3;2;0;1;0;0;0;0;0;354711,7178;5642251,43;6,933214084;50,91360096;0
217168;5,20102E+18;5;3;15;0;2020;10;16;7;3;6;7;0;1;0;1;0;0;0;360961,4291;5645051,858;7,020992887;50,94030857;0
217169;5,20102E+18;5;3;15;0;2020;10;18;5;3;6;4;2;0;1;1;0;0;0;364723,3211;5648950,987;7,073055654;50,97624677;0
217171;5,20103E+18;5;3;15;0;2020;10;14;2;3;0;1;0;1;0;0;0;0;0;349625,6964;5644278,214;6,860080643;50,93051167;1
217178;5,20102E+18;5;3;15;0;2020;10;19;5;3;0;2;1;0;1;1;0;0;0;357157,147;5648931,363;6,965358002;50,9742434;1
217181;5,20102E+18;5;3;15;0;2020;10;0;6;2;0;1;2;1;0;0;0;0;0;354048,6157;5643299,007;6,923368636;50,92284794;1
217187;5,20102E+18;5;3;15;0;2020;10;19;5;3;6;4;2;0;1;1;0;0;0;348580,8096;5646510,527;6,844294658;50,95029839;1
217190;5,20102E+18;5;3;15;0;2020;10;16;5;3;0;2;0;1;1;0;0;0;0;355304,269;5645479,511;6,940356307;50,94275994;0
217192;5,20102E+18;5;3;15;0;2020;10;9;5;3;0;1;0;1;0;0;0;0;0;356542,9235;5643301,005;6,958833175;50,92349148;1
217194;5,20102E+18;5;3;15;0;2020;10;17;6;3;1;5;0;1;1;0;0;0;0;356365,8535;5642964,312;6,956448069;50,9204216;1
217220;5,20102E+18;5;3;15;0;2020;10;9;7;3;1;5;0;1;1;0;0;0;0;357679,5993;5647421,925;6,973385373;50,96080755;0
217223;5,20103E+18;5;3;15;0;2020;10;14;2;3;0;1;0;1;0;0;0;0;0;354934,8962;5646431,209;6,934723087;50,95121978;0
217250;5,20102E+18;5;3;15;0;2020;10;23;6;3;4;6;2;1;0;0;0;0;0;360052,5528;5638684,785;7,010506592;50,88286651;1
217258;5,20103E+18;5;3;15;0;2020;10;11;1;3;6;6;0;0;1;1;0;0;0;360373,4625;5638911,398;7,014979143;50,88498077;0
217274;5,20103E+18;5;3;15;0;2020;10;17;2;3;1;5;2;0;1;0;0;0;0;359137,8987;5638660,231;6,997521788;50,88242357;0
217278;5,20103E+18;5;3;15;0;2020;10;10;2;2;0;1;0;1;0;0;0;0;0;356727,6478;5648579,995;6,959382833;50,97097903;1
217287;5,20102E+18;5;3;15;0;2020;10;17;6;3;2;6;0;0;1;0;1;0;0;356655,2753;5646360,232;6,959227177;50,95101234;1
217298;5,20102E+18;5;3;15;0;2020;10;16;6;3;1;2;0;0;1;0;0;0;0;356230,8103;5645679,996;6,953456823;50,94479345;1
217321;5,20102E+18;5;3;15;0;2020;10;0;7;3;5;2;2;0;1;0;0;0;1;357438,0766;5648844,581;6,969390875;50,97353311;1
217324;5,20103E+18;5;3;15;0;2020;10;9;2;3;5;3;0;1;1;0;0;0;0;351476,0362;5644621,842;6,886252821;50,93407909;0
217334;5,20102E+18;5;3;15;0;2020;10;20;6;3;0;1;2;0;0;0;1;0;0;356804,2875;5641660,741;6,963193291;50,90881545;1
217369;5,20103E+18;5;3;15;0;2020;10;16;6;2;5;3;0;0;1;0;0;0;0;357109,8395;5648932,225;6,964684274;50,97423941;0
217408;5,20103E+18;5;3;15;0;2020;10;8;6;3;0;7;1;0;1;0;0;0;0;361783,2249;5647976,467;7,031572096;50,96679037;0
217418;5,20103E+18;5;3;15;0;2020;10;17;6;2;6;7;2;0;1;1;0;0;0;351649,2904;5646063,063;6,888129847;50,94707518;0
217448;5,20103E+18;5;3;15;0;2020;10;8;4;3;5;2;0;1;1;0;0;0;0;351780,2129;5650385,516;6,888231055;50,98595234;0
217450;5,20103E+18;5;3;15;0;2020;10;16;4;3;5;2;0;1;1;0;0;0;0;356946,644;5640713,422;6,965588022;50,90033722;0
217453;5,20103E+18;5;3;15;0;2020;10;18;4;3;1;5;2;0;1;0;0;0;0;354068,6394;5636629,18;6,926317835;50,86291285;1
217454;5,20103E+18;5;3;15;0;2020;10;9;4;2;0;1;0;1;0;0;0;0;0;354793,6464;5643780,626;6,933769928;50,92736412;1
217456;5,20103E+18;5;3;15;0;2020;10;21;4;3;0;1;2;1;0;0;0;0;0;355135,0436;5644048,051;6,938518244;50,92985325;1
217457;5,20103E+18;5;3;15;0;2020;10;13;4;3;0;1;0;1;0;0;0;0;0;356009,712;5645946,706;6,950206209;50,94713515;1
217476;5,20103E+18;5;3;15;0;2020;10;14;6;3;6;7;0;0;1;1;0;0;0;358196,6596;5652361,295;6,978816006;51,00532481;0
217527;5,20103E+18;5;3;15;0;2020;10;8;6;3;5;7;0;1;1;0;0;0;0;352041,5835;5645981,311;6,893743572;50,94644134;1
217528;5,20103E+18;5;3;15;0;2020;10;18;5;3;3;6;2;1;1;0;0;0;0;361180,7935;5645534,708;7,023929212;50,94470091;1
217534;5,20103E+18;5;3;15;0;2020;10;15;5;3;5;5;0;1;1;0;0;0;0;359591,1994;5645108,058;7,001480671;50,94048161;0
217547;5,20103E+18;5;3;15;0;2020;10;13;5;3;2;6;0;0;1;0;0;0;0;356096,6099;5651066,59;6,949416595;50,99316816;0
217553;5,20103E+18;5;3;15;0;2020;10;13;5;3;5;3;0;0;1;0;0;0;0;351395,5345;5645889,753;6,884590813;50,94545238;1
217554;5,20103E+18;5;3;15;0;2020;10;9;5;3;0;3;0;0;1;0;1;0;0;352537,492;5647884,199;6,900027103;50,96366875;0
217556;5,20103E+18;5;3;15;0;2020;10;8;5;3;5;3;0;0;1;0;0;0;0;353334,0557;5648155,714;6,911253202;50,96631207;1
217559;5,20103E+18;5;3;15;0;2020;10;1;5;3;0;7;2;1;0;0;0;0;0;355246,0804;5642065,889;6,940883963;50,91206781;1
217564;5,20103E+18;5;3;15;0;2020;10;15;5;3;0;3;0;0;1;0;1;0;0;355867,6807;5644468,732;6,948770425;50,93381736;1
217566;5,20103E+18;5;3;15;0;2020;10;11;6;3;5;3;0;1;0;0;0;0;0;359972,5375;5647206,354;7,006097998;50,959432;0
217579;5,20103E+18;5;3;15;0;2020;10;19;6;3;3;5;2;1;1;0;0;0;0;356610,8141;5642896,76;6,959957434;50,91987544;0
217602;5,2011E+18;5;3;15;0;2020;11;14;1;3;1;6;0;0;1;0;0;0;0;363626,816;5648732,763;7,057527938;50,97402688;1
217625;5,2011E+18;5;3;15;0;2020;11;15;2;3;0;1;0;1;0;0;0;0;0;349173,0985;5645593,372;6,853100369;50,94221188;1
217626;5,2011E+18;5;3;15;0;2020;11;0;1;3;4;6;2;0;1;0;0;0;0;355488,3165;5647159,076;6,942307672;50,95789997;1
217633;5,2011E+18;5;3;15;0;2020;11;12;4;3;2;6;0;0;1;0;0;0;0;356851,4174;5641302,696;6,964003633;50,90560941;0
217642;5,2011E+18;5;3;15;0;2020;11;15;1;3;5;2;0;1;1;0;0;0;0;353798,763;5643166,033;6,919869482;50,92158968;0
217667;5,20103E+18;5;3;15;0;2020;10;14;7;3;5;2;0;1;1;0;0;0;0;358680,9925;5641894,963;6,989779045;50,91138292;0
217671;5,20103E+18;5;3;15;0;2020;10;23;7;2;0;7;2;1;1;0;0;0;0;359431,2366;5644993,392;6,999249555;50,93941211;1
217679;5,20103E+18;5;3;15;0;2020;10;13;7;3;0;1;0;1;0;0;0;0;0;356229,9984;5649042,811;6,952116699;50,97501425;0
217680;5,2011E+18;5;3;15;0;2020;11;10;2;3;4;3;0;0;1;0;0;0;1;359262,793;5642214,08;6,997926486;50,91439303;0
217682;5,2011E+18;5;3;15;0;2020;11;10;4;3;3;6;0;0;1;0;0;0;0;356951,8056;5640672,693;6,965677333;50,89997246;0
217683;5,20103E+18;5;3;15;0;2020;10;12;7;3;7;7;0;1;0;0;0;0;1;355982,585;5656170,314;6,945766558;51,03900525;0
217688;5,20103E+18;5;3;15;0;2020;10;21;7;3;4;2;2;0;1;0;0;0;0;353386,6021;5648040,12;6,912047599;50,96528666;1
217692;5,20103E+18;5;3;15;0;2020;10;1;7;3;9;1;2;0;1;0;0;0;0;357582,5637;5640617,306;6,974663095;50,89963061;0
217693;5,2011E+18;5;3;15;0;2020;11;17;2;3;6;7;2;0;1;1;0;0;0;353452,2109;5648770,991;6,912686811;50,97187138;1
217701;5,20103E+18;5;3;15;0;2020;10;1;7;3;8;1;2;0;1;0;0;0;1;356845,095;5645344,731;6,962326956;50,94193332;0
217706;5,2011E+18;5;3;15;0;2020;11;17;3;3;0;7;1;0;1;0;0;0;1;355970,727;5649631,082;6,948193058;50,98023612;1
217722;5,2011E+18;5;3;15;0;2020;11;14;4;3;0;3;0;0;1;0;0;0;0;353453,7334;5648769,049;6,912709263;50,97185432;0
217734;5,2011E+18;5;3;15;0;2020;11;18;2;3;3;2;1;1;1;0;0;0;0;356242,3469;5647487,131;6,95290732;50,96103675;1
217746;5,2011E+18;5;3;15;0;2020;11;19;2;3;6;2;2;0;1;1;0;0;0;356171,3138;5645434,497;6,952707414;50,94257235;1
217783;5,2011E+18;5;3;15;0;2020;11;18;2;2;0;7;2;0;1;0;0;0;1;349587,6403;5645489,467;6,859039529;50,94138645;1
217787;5,2011E+18;5;3;15;0;2020;11;13;2;3;3;6;0;0;1;0;0;1;0;363561,159;5643162,925;7,058680353;50,92395293;0
217789;5,2011E+18;5;3;15;0;2020;11;16;4;3;4;6;0;1;1;0;0;0;0;358877,8204;5639983,476;6,993315899;50,8942523;0
217812;5,2011E+18;5;3;15;0;2020;11;10;3;3;6;4;0;0;0;1;0;0;1;362387,7874;5649376,919;7,039646634;50,97952136;0
217826;5,2011E+18;5;3;15;0;2020;11;11;4;3;1;5;0;1;1;0;0;0;0;357519,5692;5644760,591;6,97214945;50,93685075;0
217838;5,2011E+18;5;3;15;0;2020;11;19;2;2;6;4;2;0;1;1;0;0;0;359274,2739;5643931,482;6,997426988;50,92983033;1
217847;5,2011E+18;5;3;15;0;2020;11;18;2;3;5;3;2;1;1;0;0;0;0;352761,5934;5643507,457;6,904985437;50,92439419;1
217870;5,20111E+18;5;3;15;0;2020;11;9;2;2;0;7;0;0;0;0;1;0;0;355249,8432;5642869,579;6,940618573;50,91929137;1
217922;5,20111E+18;5;3;15;0;2020;11;16;2;3;0;7;0;0;1;0;0;0;0;362329,7571;5651944,805;7,037847267;51,00258569;0
217925;5,20111E+18;5;3;15;0;2020;11;5;6;3;6;2;2;0;1;1;0;0;0;361085,6332;5645214,11;7,02269775;50,9417967;0
217926;5,20111E+18;5;3;15;0;2020;11;12;6;3;0;7;0;1;1;0;0;0;0;354202,3798;5643100,591;6,925634218;50,9211037;0
217928;5,20111E+18;5;3;15;0;2020;11;22;6;3;9;7;2;0;0;0;1;0;0;354646,3037;5641336,918;6,932648422;50,90536598;0
217934;5,20111E+18;5;3;15;0;2020;11;14;2;2;4;6;0;1;0;0;0;0;0;355695,8009;5645262,992;6,94601143;50,94091225;0
217971;5,20111E+18;5;3;15;0;2020;11;18;2;3;4;3;2;0;1;0;0;0;0;351790,4809;5650568,905;6,888302438;50,98760299;0
218022;5,20111E+18;5;3;15;0;2020;11;12;2;3;0;1;0;1;0;0;0;0;0;354044,454;5642923,901;6,923459579;50,91947592;1
218025;5,20111E+18;5;3;15;0;2020;11;18;5;3;5;3;2;0;1;0;0;0;0;365073,7957;5640143,311;7,081306395;50,89716963;0
218026;5,20111E+18;5;3;15;0;2020;11;9;5;3;0;7;0;0;0;0;0;0;1;359981,2621;5643756,866;7,00754821;50,92843308;0
218028;5,20111E+18;5;3;15;0;2020;11;6;5;3;0;1;2;0;1;0;0;0;0;366079,2678;5648244,74;7,092618998;50,97021627;0
218030;5,20111E+18;5;3;15;0;2020;11;8;5;3;5;2;0;0;1;0;0;0;0;364892,5647;5648469,498;7,075643896;50,97195914;0
218031;5,20111E+18;5;3;15;0;2020;11;10;5;3;1;7;0;0;1;0;1;0;0;360208,0077;5646830,097;7,009593299;50,9561077;0
218033;5,20111E+18;5;3;15;0;2020;11;7;5;3;0;4;0;0;1;1;0;0;0;349925,2416;5659428,148;6,858078536;51,06673049;0
218034;5,20111E+18;5;3;15;0;2020;11;10;5;2;1;5;0;1;1;0;0;0;0;351476,776;5646054,061;6,885679449;50,94694987;0
218036;5,20111E+18;5;3;15;0;2020;11;14;5;3;5;3;0;0;1;0;1;0;0;352466,5099;5645456,77;6,900000711;50,94183643;0
218037;5,20111E+18;5;3;15;0;2020;11;16;5;3;0;1;0;1;0;0;0;0;0;359441,1179;5638497,702;7,001892009;50,88103672;1
218039;5,20111E+18;5;3;15;0;2020;11;9;5;3;6;3;0;0;1;1;0;0;0;358126,414;5644691,847;6,980807378;50,93638256;0
218062;5,20111E+18;5;3;15;0;2020;11;12;7;3;5;2;0;1;1;0;0;0;0;354121,6735;5648889,292;6,922167938;50,97310445;0
218068;5,20111E+18;5;3;15;0;2020;11;15;7;2;7;1;0;0;0;0;0;0;1;353682,6449;5642071,166;6,91865767;50,91172102;0
218070;5,20111E+18;5;3;15;0;2020;11;11;7;3;0;1;0;1;0;0;0;0;0;354042,923;5641767,802;6,923900302;50,90908599;0
218071;5,20111E+18;5;3;15;0;2020;11;8;7;2;5;3;0;1;1;0;0;0;0;357242,8409;5642720,605;6,969012368;50,91844906;0
218073;5,20111E+18;5;3;15;0;2020;11;15;7;3;2;6;0;0;1;0;0;0;0;356221,487;5645676,107;6,953325732;50,94475618;0
218076;5,20111E+18;5;3;15;0;2020;11;8;2;3;1;5;1;1;0;0;0;0;1;356592,1922;5647990,095;6,957687441;50,96564398;0
218116;5,20111E+18;5;3;15;0;2020;11;18;4;3;0;1;2;0;1;0;0;0;0;359451,088;5645053,152;6,999508866;50,93995403;0
218120;5,20111E+18;5;3;15;0;2020;11;8;4;3;0;1;0;1;0;0;0;0;0;359206,572;5646095,689;6,995627836;50,94926373;1
218122;5,20111E+18;5;3;15;0;2020;11;14;4;3;0;7;0;0;0;0;0;0;1;358007,9046;5648482,709;6,977643212;50,97042176;0
218126;5,20111E+18;5;3;15;0;2020;11;9;4;3;5;2;0;1;1;0;0;0;0;358053,3955;5648377,002;6,978331952;50,96948299;1
218131;5,20111E+18;5;3;15;0;2020;11;10;6;3;5;2;0;0;1;0;0;0;1;357868,414;5647774,164;6,975934666;50,96401971;0
218134;5,20111E+18;5;3;15;0;2020;11;1;4;2;0;1;2;1;0;0;0;0;0;353034,7074;5646029,058;6,907851769;50,94712446;0
218137;5,20111E+18;5;3;15;0;2020;11;7;4;3;6;4;1;0;1;1;0;0;0;354678,954;5646856,9;6,930911873;50,95498087;1
218141;5,20111E+18;5;3;15;0;2020;11;14;5;3;0;1;0;0;0;0;1;0;0;355866,5057;5649138,304;6,946904745;50,97578157;0
218142;5,20111E+18;5;3;15;0;2020;11;18;4;3;5;3;2;0;1;0;1;0;0;358924,1511;5639203,706;6,994275374;50,88725571;0
218146;5,20111E+18;5;3;15;0;2020;11;13;4;2;0;3;0;1;0;0;0;0;0;357432,8086;5640785,319;6,972469232;50,9011036;1
218176;5,20111E+18;5;3;15;0;2020;11;16;3;3;6;4;0;0;1;1;0;0;0;353389,3084;5648043,915;6,912084583;50,96532145;0
218206;5,20111E+18;5;3;15;0;2020;11;16;5;3;5;3;2;0;1;0;0;0;1;356768,8976;5641849,139;6,962616307;50,91049979;0
218213;5,20111E+18;5;3;15;0;2020;11;17;3;3;0;1;2;1;0;0;0;0;0;363004,5637;5645963,686;7,049712746;50,94899256;0
218219;5,20111E+18;5;3;15;0;2020;11;15;6;3;6;4;0;0;1;1;0;0;0;364742,3488;5649107,183;7,073268416;50,97765504;0
218228;5,20111E+18;5;3;15;0;2020;11;18;3;3;0;1;2;1;0;0;0;0;0;355028,0464;5642804,173;6,937491217;50,9186479;0
218249;5,20111E+18;5;3;15;0;2020;11;15;5;3;9;1;0;1;0;0;0;0;0;366026,9724;5636360,768;7,09623913;50,86339514;0
218267;5,20111E+18;5;3;15;0;2020;11;16;3;2;5;2;0;0;1;0;1;0;0;353034,7633;5645718,65;6,907977823;50,94433496;0
218291;5,20111E+18;5;3;15;0;2020;11;13;6;3;0;7;0;1;1;0;0;0;0;355927,1051;5646120,661;6,948962229;50,94867782;0
218301;5,20111E+18;5;3;15;0;2020;11;13;5;3;0;7;0;1;0;0;0;0;0;351670,003;5646986,299;6,888048362;50,95537714;1
218327;5,20111E+18;5;3;15;0;2020;11;16;6;3;1;5;0;0;1;0;0;0;1;358808,5222;5642206,193;6,991471494;50,91421119;1
218334;5,20111E+18;5;3;15;0;2020;11;16;3;3;5;2;0;1;1;0;0;0;0;354935,3811;5642880,725;6,936143342;50,91931256;0
218362;5,20111E+18;5;3;15;0;2020;11;20;5;3;5;3;2;1;1;0;0;0;0;355652,241;5644793,058;6,945578017;50,93667815;0
218364;5,20111E+18;5;3;15;0;2020;11;15;4;3;8;7;0;0;1;0;0;0;0;363802,3044;5644739,584;7,061520253;50,93818007;0
218370;5,20111E+18;5;3;15;0;2020;11;16;3;3;6;7;1;0;1;1;0;0;0;360201,8489;5647273,78;7,009335234;50,96009364;0
218388;5,20112E+18;5;3;15;0;2020;11;14;4;3;5;3;0;1;1;0;0;0;0;365148,076;5637064,113;7,083498165;50,86951225;0
218394;5,20111E+18;5;3;15;0;2020;11;17;7;2;6;4;2;0;1;1;0;0;0;361103,7826;5641002,089;7,024560213;50,90394652;0
218396;5,20111E+18;5;3;15;0;2020;11;13;7;3;0;1;0;1;0;0;0;0;0;359322,8026;5647728,442;6,99665037;50,96396577;0
218398;5,20112E+18;5;3;15;0;2020;11;11;4;3;5;7;0;0;1;0;1;0;0;359980,1494;5646787,024;7,006367642;50,95566528;0
218400;5,20112E+18;5;3;15;0;2020;11;7;3;3;0;3;0;1;0;0;0;0;0;361847,5791;5649561,584;7,03188576;50,98105163;0
218402;5,20111E+18;5;3;15;0;2020;11;12;7;3;1;5;0;0;1;0;0;0;0;360066,5903;5647469,975;7,007335007;50,96182403;0
218406;5,20111E+18;5;3;15;0;2020;11;15;7;3;6;6;0;1;0;1;0;0;0;358134,0671;5648097,029;6,979589348;50,96698676;0
218408;5,20111E+18;5;3;15;0;2020;11;11;7;3;0;7;0;1;0;0;0;0;0;354411,4789;5645428,329;6,927677374;50,94207523;0
218410;5,20112E+18;5;3;15;0;2020;11;9;2;3;0;7;0;1;0;0;0;0;0;354776,394;5643772,15;6,93352798;50,9272836;1
218411;5,20111E+18;5;3;15;0;2020;11;0;7;3;0;1;2;1;0;0;0;0;0;354318,3717;5643431,023;6,927151361;50,92410251;0
218417;5,20111E+18;5;3;15;0;2020;11;11;7;3;0;1;0;1;0;0;0;0;0;355379,395;5640921,471;6,943232484;50,90181652;0
218448;5,20112E+18;5;3;15;0;2020;11;6;2;2;6;4;2;0;0;1;0;0;1;353902,7969;5646757,701;6,919908492;50,95389317;0
218451;5,20112E+18;5;3;15;0;2020;11;15;4;3;6;2;0;0;1;1;0;0;0;357781,446;5649012,677;6,974212703;50,97512867;0
218453;5,20112E+18;5;3;15;0;2020;11;7;3;3;7;4;0;0;1;1;0;0;0;352677,889;5654963,127;6,899153387;51,02731921;0
218455;5,20112E+18;5;3;15;0;2020;11;12;4;3;6;4;0;0;0;1;1;0;0;363917,8631;5640147,844;7,064876954;50,89693913;0
218461;5,20112E+18;5;3;15;0;2020;11;9;2;3;5;3;0;1;0;0;0;0;0;355888,644;5644648,418;6,948997506;50,93543741;1
218508;5,20112E+18;5;3;15;0;2020;11;8;4;3;5;3;0;0;1;0;0;0;0;363122,5891;5641702,061;7,052992169;50,91071964;0
218519;5,20112E+18;5;3;15;0;2020;11;20;1;3;0;3;2;1;1;0;0;0;0;356402,1952;5645425,944;6,95599497;50,94255304;1